
-----
Test: tests/test_get_characters_from_films.py::TestCharacterFilms::test_get_characters_from_films (call)
Time: 2026-09-20 15:38:14.331341
Request method: GET
Request URL: https://swapi.info/api/people/4

Response code: 200
Response text: {
	"name": "Darth Vader",
	"height": "202",
	"mass": "136",
	"hair_color": "none",
	"skin_color": "white",
	"eye_color": "yellow",
	"birth_year": "41.9BBY",
	"gender": "male",
	"homeworld": "https://swapi.info/api/planets/1",
	"films": [
		"https://swapi.info/api/films/1",
		"https://swapi.info/api/films/2",
		"https://swapi.info/api/films/3",
		"https://swapi.info/api/films/6"
	],
	"species": [],
	"vehicles": [],
	"starships": ["https://swapi.info/api/starships/13"],
	"created": "2014-12-10T15:18:20.704000Z",
	"edited": "2014-12-20T21:17:50.313000Z",
	"url": "https://swapi.info/api/people/4"
}

Response headers: {'Date': 'Sun, 20 Sep 2026 12:38:14 GMT', 'Content-Type': 'application/json', 'Content-Length': '602', 'Connection': 'keep-alive', 'Accept-Ranges': 'bytes', 'access-control-allow-headers': 'Content-Type', 'access-control-allow-methods': 'GET, OPTIONS', 'access-control-allow-origin': '*', 'Cache-Control': 'public, max-age=0, must-revalidate, no-store', 'cache-status': '"Netlify Edge"; fwd=miss; fwd-status=200; stored', 'etag': '"bc49380df3862baaed50eedc59309ae0-ssl"', 'Server': 'cloudflare', 'strict-transport-security': 'max-age=31536000', 'x-nf-request-id': '01M2QP2Z2C7A3HFRNQZJY1GMCE', 'Nel': '{"report_to":"cf-nel","success_fraction":0.0,"max_age":604800}', 'Age': '259097', 'cf-cache-status': 'HIT', 'Report-To': '{"group":"cf-nel","max_age":604800,"endpoints":[{"url":"https://a.nel.cloudflare.com/report/v4?s=fAQK4toTwXnnaFU5GvBmvVABshRul%2BNXeI4trv1mD%2FNtcm63DqGsLLqHy4WNXUWXy6rg4aInDKugCG1y1Pxx796QQZxotmAJjBH3p142VBGEiTasvBG48Jb8vLvzEMqBj28v4C5IuSSl"}]}', 'CF-RAY': 'a3e0e2d1bdb466cf-AMS', 'alt-svc': 'h3=":443"; ma=86400'}
Response cookies: {}

-----

-----
Test: tests/test_get_characters_from_films.py::TestCharacterFilms::test_get_characters_from_films (call)
Time: 2026-09-20 15:38:14.793076
Request method: GET
Request URL: https://swapi.info/api/films/1

Response code: 200
Response text: {
	"title": "A New Hope",
	"episode_id": 4,
	"opening_crawl": "It is a period of civil war.\r\nRebel spaceships, striking\r\nfrom a hidden base, have won\r\ntheir first victory against\r\nthe evil Galactic Empire.\r\n\r\nDuring the battle, Rebel\r\nspies managed to steal secret\r\nplans to the Empire's\r\nultimate weapon, the DEATH\r\nSTAR, an armored space\r\nstation with enough power\r\nto destroy an entire planet.\r\n\r\nPursued by the Empire's\r\nsinister agents, Princess\r\nLeia races home aboard her\r\nstarship, custodian of the\r\nstolen plans that can save her\r\npeople and restore\r\nfreedom to the galaxy....",
	"director": "George Lucas",
	"producer": "Gary Kurtz, Rick McCallum",
	"release_date": "1977-05-25",
	"characters": [
		"https://swapi.info/api/people/1",
		"https://swapi.info/api/people/2",
		"https://swapi.info/api/people/3",
		"https://swapi.info/api/people/4",
		"https://swapi.info/api/people/5",
		"https://swapi.info/api/people/6",
		"https://swapi.info/api/people/7",
		"https://swapi.info/api/people/8",
		"https://swapi.info/api/people/9",
		"https://swapi.info/api/people/10",
		"https://swapi.info/api/people/12",
		"https://swapi.info/api/people/13",
		"https://swapi.info/api/people/14",
		"https://swapi.info/api/people/15",
		"https://swapi.info/api/people/16",
		"https://swapi.info/api/people/18",
		"https://swapi.info/api/people/19",
		"https://swapi.info/api/people/81"
	],
	"planets": [
		"https://swapi.info/api/planets/1",
		"https://swapi.info/api/planets/2",
		"https://swapi.info/api/planets/3"
	],
	"starships": [
		"https://swapi.info/api/starships/2",
		"https://swapi.info/api/starships/3",
		"https://swapi.info/api/starships/5",
		"https://swapi.info/api/starships/9",
		"https://swapi.info/api/starships/10",
		"https://swapi.info/api/starships/11",
		"https://swapi.info/api/starships/12",
		"https://swapi.info/api/starships/13"
	],
	"vehicles": [
		"https://swapi.info/api/vehicles/4",
		"https://swapi.info/api/vehicles/6",
		"https://swapi.info/api/vehicles/7",
		"https://swapi.info/api/vehicles/8"
	],
	"species": [
		"https://swapi.info/api/species/1",
		"https://swapi.info/api/species/2",
		"https://swapi.info/api/species/3",
		"https://swapi.info/api/species/4",
		"https://swapi.info/api/species/5"
	],
	"created": "2014-12-10T14:23:31.880000Z",
	"edited": "2014-12-20T19:49:45.256000Z",
	"url": "https://swapi.info/api/films/1"
}

Response headers: {'Date': 'Sun, 20 Sep 2026 12:38:14 GMT', 'Content-Type': 'application/json', 'Content-Length': '2408', 'Connection': 'keep-alive', 'Accept-Ranges': 'bytes', 'access-control-allow-headers': 'Content-Type', 'access-control-allow-methods': 'GET, OPTIONS', 'access-control-allow-origin': '*', 'Cache-Control': 'public, max-age=0, must-revalidate, no-store', 'cache-status': '"Netlify Edge"; fwd=miss; fwd-status=200; stored', 'etag': '"9c956130607a36673a2bf876b4390fe6-ssl"', 'Server': 'cloudflare', 'strict-transport-security': 'max-age=31536000', 'vary': 'Accept-Encoding', 'x-nf-request-id': '01M19XFZDA4GRGG9E9SMX4538Q', 'Nel': '{"report_to":"cf-nel","success_fraction":0.0,"max_age":604800}', 'Age': '1794835', 'cf-cache-status': 'HIT', 'Report-To': '{"group":"cf-nel","max_age":604800,"endpoints":[{"url":"https://a.nel.cloudflare.com/report/v4?s=2LFJfFKs3X%2FJsSRiCPn0Zb%2B7%2BkV1cWsioNaJXetH5ykffBSjTTZz%2F1XCBtTh81YdK2ehPOezjmuUbP2MUy5Omimna%2FVwLOdnb%2BOY178UnSSxmhzKshdjKDmHahSHvbHLOyR2efE3O5Tv"}]}', 'CF-RAY': 'a3e0e2d4bff9b98c-AMS', 'alt-svc': 'h3=":443"; ma=86400'}
Response cookies: {}

-----

-----
Test: tests/test_get_characters_from_films.py::TestCharacterFilms::test_get_characters_from_films (call)
Time: 2026-09-20 15:38:15.260610
Request method: GET
Request URL: https://swapi.info/api/people/1

Response code: 200
Response text: {
	"name": "Luke Skywalker",
	"height": "172",
	"mass": "77",
	"hair_color": "blond",
	"skin_color": "fair",
	"eye_color": "blue",
	"birth_year": "19BBY",
	"gender": "male",
	"homeworld": "https://swapi.info/api/planets/1",
	"films": [
		"https://swapi.info/api/films/1",
		"https://swapi.info/api/films/2",
		"https://swapi.info/api/films/3",
		"https://swapi.info/api/films/6"
	],
	"species": [],
	"vehicles": [
		"https://swapi.info/api/vehicles/14",
		"https://swapi.info/api/vehicles/30"
	],
	"starships": [
		"https://swapi.info/api/starships/12",
		"https://swapi.info/api/starships/22"
	],
	"created": "2014-12-09T13:50:51.644000Z",
	"edited": "2014-12-20T21:17:56.891000Z",
	"url": "https://swapi.info/api/people/1"
}

Response headers: {'Date': 'Sun, 20 Sep 2026 12:38:14 GMT', 'Content-Type': 'application/json', 'Content-Length': '727', 'Connection': 'keep-alive', 'Accept-Ranges': 'bytes', 'access-control-allow-headers': 'Content-Type', 'access-control-allow-methods': 'GET, OPTIONS', 'access-control-allow-origin': '*', 'Age': '7208', 'Cache-Control': 'public, max-age=0, must-revalidate, no-store', 'cache-status': '"Netlify Edge"; fwd=miss; fwd-status=200; stored', 'etag': '"f91d80535d2a2a0949ba6bd161399a64-ssl"', 'Server': 'cloudflare', 'strict-transport-security': 'max-age=31536000', 'x-nf-request-id': '01M2Z6A0P97JDGQNBP17GX3NC2', 'cf-cache-status': 'HIT', 'Report-To': '{"group":"cf-nel","max_age":604800,"endpoints":[{"url":"https://a.nel.cloudflare.com/report/v4?s=9z48uAeCd3QW6zWOzQ%2FnJlsWi5ZujPegMXzG%2FM%2BY52pJwBLXOuJceApfDKWSisn2wlHxsYMeC9%2Bn3VdAca%2B%2BoGlvL3eR%2FsEFzeteaEnVAXbl5T8jhHaZmpwgD%2FTcYDwl6ZW9pNM8VT4t"}]}', 'Nel': '{"report_to":"cf-nel","success_fraction":0.0,"max_age":604800}', 'CF-RAY': 'a3e0e2d75e96b956-AMS', 'alt-svc': 'h3=":443"; ma=86400'}
Response cookies: {}

-----

-----
Test: tests/test_get_characters_from_films.py::TestCharacterFilms::test_get_characters_from_films (call)
Time: 2026-09-20 15:38:15.695660
Request method: GET
Request URL: https://swapi.info/api/people/2

Response code: 200
Response text: {
	"name": "C-3PO",
	"height": "167",
	"mass": "75",
	"hair_color": "n/a",
	"skin_color": "gold",
	"eye_color": "yellow",
	"birth_year": "112BBY",
	"gender": "n/a",
	"homeworld": "https://swapi.info/api/planets/1",
	"films": [
		"https://swapi.info/api/films/1",
		"https://swapi.info/api/films/2",
		"https://swapi.info/api/films/3",
		"https://swapi.info/api/films/4",
		"https://swapi.info/api/films/5",
		"https://swapi.info/api/films/6"
	],
	"species": ["https://swapi.info/api/species/2"],
	"vehicles": [],
	"starships": [],
	"created": "2014-12-10T15:10:51.357000Z",
	"edited": "2014-12-20T21:17:50.309000Z",
	"url": "https://swapi.info/api/people/2"
}

Response headers: {'Date': 'Sun, 20 Sep 2026 12:38:15 GMT', 'Content-Type': 'application/json', 'Content-Length': '660', 'Connection': 'keep-alive', 'Accept-Ranges': 'bytes', 'access-control-allow-headers': 'Content-Type', 'access-control-allow-methods': 'GET, OPTIONS', 'access-control-allow-origin': '*', 'Cache-Control': 'public, max-age=0, must-revalidate, no-store', 'cache-status': '"Netlify Edge"; fwd=miss; fwd-status=200; stored', 'etag': '"e0663a737493ddc063d4dca98f26f8d1-ssl"', 'Server': 'cloudflare', 'strict-transport-security': 'max-age=31536000', 'x-nf-request-id': '01M2QP2GQQSP3S66D0DZESH3WM', 'Nel': '{"report_to":"cf-nel","success_fraction":0.0,"max_age":604800}', 'Age': '259113', 'cf-cache-status': 'HIT', 'Report-To': '{"group":"cf-nel","max_age":604800,"endpoints":[{"url":"https://a.nel.cloudflare.com/report/v4?s=xBGU%2Fx%2BphpwJjMvrsUiZ5WK7PhOyTGTCWEhlUkH%2BSRkBtPn6u9mZqyLxD0whjVRyGZm0%2BZphps%2BEdACfX3RhPLQ59p36Pq49hK5aVuDF6HAEaxa%2F6PePbd7tFTSuP8PES0tCWmz%2F5Pqt"}]}', 'CF-RAY': 'a3e0e2da2f9ac891-AMS', 'alt-svc': 'h3=":443"; ma=86400'}
Response cookies: {}

-----

-----
Test: tests/test_get_characters_from_films.py::TestCharacterFilms::test_get_characters_from_films (call)
Time: 2026-09-20 15:38:16.146158
Request method: GET
Request URL: https://swapi.info/api/people/3

Response code: 200
Response text: {
	"name": "R2-D2",
	"height": "96",
	"mass": "32",
	"hair_color": "n/a",
	"skin_color": "white, blue",
	"eye_color": "red",
	"birth_year": "33BBY",
	"gender": "n/a",
	"homeworld": "https://swapi.info/api/planets/8",
	"films": [
		"https://swapi.info/api/films/1",
		"https://swapi.info/api/films/2",
		"https://swapi.info/api/films/3",
		"https://swapi.info/api/films/4",
		"https://swapi.info/api/films/5",
		"https://swapi.info/api/films/6"
	],
	"species": ["https://swapi.info/api/species/2"],
	"vehicles": [],
	"starships": [],
	"created": "2014-12-10T15:11:50.376000Z",
	"edited": "2014-12-20T21:17:50.311000Z",
	"url": "https://swapi.info/api/people/3"
}

Response headers: {'Date': 'Sun, 20 Sep 2026 12:38:15 GMT', 'Content-Type': 'application/json', 'Content-Length': '662', 'Connection': 'keep-alive', 'Accept-Ranges': 'bytes', 'access-control-allow-headers': 'Content-Type', 'access-control-allow-methods': 'GET, OPTIONS', 'access-control-allow-origin': '*', 'Cache-Control': 'public, max-age=0, must-revalidate, no-store', 'cache-status': '"Netlify Edge"; fwd=miss; fwd-status=200; stored', 'etag': '"ffd4c6fda753bad2d64161f991c84a36-ssl"', 'Server': 'cloudflare', 'strict-transport-security': 'max-age=31536000', 'x-nf-request-id': '01M22N9TWG1RR5FDXX1QCQWAXZ', 'Nel': '{"report_to":"cf-nel","success_fraction":0.0,"max_age":604800}', 'Age': '964565', 'cf-cache-status': 'HIT', 'Report-To': '{"group":"cf-nel","max_age":604800,"endpoints":[{"url":"https://a.nel.cloudflare.com/report/v4?s=hpd18OYY0xVImFh2WtQZIzUTttna1hNlS0xLbPiZWvOJP4mXe8UUuMkKFATtWd%2BqqdG1I6uTyjcS4FHS0%2BJ%2FFps%2F%2FBSZSAcQ070fyOgQuaq57cVE0X7g7Pa%2FMybWET9MbxEqMPLIL0M4"}]}', 'CF-RAY': 'a3e0e2dcdc082908-AMS', 'alt-svc': 'h3=":443"; ma=86400'}
Response cookies: {}

-----

-----
Test: tests/test_get_characters_from_films.py::TestCharacterFilms::test_get_characters_from_films (call)
Time: 2026-09-20 15:38:16.568934
Request method: GET
Request URL: https://swapi.info/api/people/4

Response code: 200
Response text: {
	"name": "Darth Vader",
	"height": "202",
	"mass": "136",
	"hair_color": "none",
	"skin_color": "white",
	"eye_color": "yellow",
	"birth_year": "41.9BBY",
	"gender": "male",
	"homeworld": "https://swapi.info/api/planets/1",
	"films": [
		"https://swapi.info/api/films/1",
		"https://swapi.info/api/films/2",
		"https://swapi.info/api/films/3",
		"https://swapi.info/api/films/6"
	],
	"species": [],
	"vehicles": [],
	"starships": ["https://swapi.info/api/starships/13"],
	"created": "2014-12-10T15:18:20.704000Z",
	"edited": "2014-12-20T21:17:50.313000Z",
	"url": "https://swapi.info/api/people/4"
}

Response headers: {'Date': 'Sun, 20 Sep 2026 12:38:16 GMT', 'Content-Type': 'application/json', 'Content-Length': '602', 'Connection': 'keep-alive', 'Accept-Ranges': 'bytes', 'access-control-allow-headers': 'Content-Type', 'access-control-allow-methods': 'GET, OPTIONS', 'access-control-allow-origin': '*', 'Cache-Control': 'public, max-age=0, must-revalidate, no-store', 'cache-status': '"Netlify Edge"; fwd=miss; fwd-status=200; stored', 'etag': '"bc49380df3862baaed50eedc59309ae0-ssl"', 'Server': 'cloudflare', 'strict-transport-security': 'max-age=31536000', 'x-nf-request-id': '01M2QP2Z2C7A3HFRNQZJY1GMCE', 'Nel': '{"report_to":"cf-nel","success_fraction":0.0,"max_age":604800}', 'Age': '259099', 'cf-cache-status': 'HIT', 'Report-To': '{"group":"cf-nel","max_age":604800,"endpoints":[{"url":"https://a.nel.cloudflare.com/report/v4?s=lLZgtzc31ColiK%2FoeXu%2FOkhzdfQx5IFyL5eSqjcZAkGuqdkDON%2B6XI93isfZktRHTTZgr8GZfvP06kPrLn45OL%2FaSGO97aXrfm2sxiKrNXAmVSquucP76Rk4qO35DfR%2FxISVviA8nm4P"}]}', 'CF-RAY': 'a3e0e2df8b462956-AMS', 'alt-svc': 'h3=":443"; ma=86400'}
Response cookies: {}

-----

-----
Test: tests/test_get_characters_from_films.py::TestCharacterFilms::test_get_characters_from_films (call)
Time: 2026-09-20 15:38:16.996063
Request method: GET
Request URL: https://swapi.info/api/people/5

Response code: 200
Response text: {
	"name": "Leia Organa",
	"height": "150",
	"mass": "49",
	"hair_color": "brown",
	"skin_color": "light",
	"eye_color": "brown",
	"birth_year": "19BBY",
	"gender": "female",
	"homeworld": "https://swapi.info/api/planets/2",
	"films": [
		"https://swapi.info/api/films/1",
		"https://swapi.info/api/films/2",
		"https://swapi.info/api/films/3",
		"https://swapi.info/api/films/6"
	],
	"species": [],
	"vehicles": ["https://swapi.info/api/vehicles/30"],
	"starships": [],
	"created": "2014-12-10T15:20:09.791000Z",
	"edited": "2014-12-20T21:17:50.315000Z",
	"url": "https://swapi.info/api/people/5"
}

Response headers: {'Date': 'Sun, 20 Sep 2026 12:38:16 GMT', 'Content-Type': 'application/json', 'Content-Length': '600', 'Connection': 'keep-alive', 'Accept-Ranges': 'bytes', 'access-control-allow-headers': 'Content-Type', 'access-control-allow-methods': 'GET, OPTIONS', 'access-control-allow-origin': '*', 'Cache-Control': 'public, max-age=0, must-revalidate, no-store', 'cache-status': '"Netlify Edge"; fwd=miss; fwd-status=200; stored', 'etag': '"5a1cc80c4dec2dc5cff06ba44b4ec063-ssl"', 'Server': 'cloudflare', 'strict-transport-security': 'max-age=31536000', 'x-nf-request-id': '01M2QP6Y3AVC307SQAY41114GX', 'Nel': '{"report_to":"cf-nel","success_fraction":0.0,"max_age":604800}', 'Age': '258969', 'cf-cache-status': 'HIT', 'Report-To': '{"group":"cf-nel","max_age":604800,"endpoints":[{"url":"https://a.nel.cloudflare.com/report/v4?s=6kWSve%2FdMUgdS%2FNpbSqYnO%2B0i1vJjeqEnmFx%2BDsm9opU0IeVQqAUKvpnEgvePBV08VTy9XfBtPh6BABM9IOImCn6CZvUB9AaDgvTDPCMfo1MiaOYMGvcwojM1c7D7zVct9lqb%2FqV25cV"}]}', 'CF-RAY': 'a3e0e2e22dc43291-AMS', 'alt-svc': 'h3=":443"; ma=86400'}
Response cookies: {}

-----

-----
Test: tests/test_get_characters_from_films.py::TestCharacterFilms::test_get_characters_from_films (call)
Time: 2026-09-20 15:38:17.402365
Request method: GET
Request URL: https://swapi.info/api/people/6

Response code: 200
Response text: {
	"name": "Owen Lars",
	"height": "178",
	"mass": "120",
	"hair_color": "brown, grey",
	"skin_color": "light",
	"eye_color": "blue",
	"birth_year": "52BBY",
	"gender": "male",
	"homeworld": "https://swapi.info/api/planets/1",
	"films": [
		"https://swapi.info/api/films/1",
		"https://swapi.info/api/films/5",
		"https://swapi.info/api/films/6"
	],
	"species": [],
	"vehicles": [],
	"starships": [],
	"created": "2014-12-10T15:52:14.024000Z",
	"edited": "2014-12-20T21:17:50.317000Z",
	"url": "https://swapi.info/api/people/6"
}

Response headers: {'Date': 'Sun, 20 Sep 2026 12:38:17 GMT', 'Content-Type': 'application/json', 'Content-Length': '530', 'Connection': 'keep-alive', 'Accept-Ranges': 'bytes', 'access-control-allow-headers': 'Content-Type', 'access-control-allow-methods': 'GET, OPTIONS', 'access-control-allow-origin': '*', 'Cache-Control': 'public, max-age=0, must-revalidate, no-store', 'cache-status': '"Netlify Edge"; fwd=miss; fwd-status=200; stored', 'etag': '"f54ef4ae06680dce77d8c089d2995878-ssl"', 'Server': 'cloudflare', 'strict-transport-security': 'max-age=31536000', 'x-nf-request-id': '01M2QP72TBSW69YB7TZTXAZVYT', 'Nel': '{"report_to":"cf-nel","success_fraction":0.0,"max_age":604800}', 'Age': '258965', 'cf-cache-status': 'HIT', 'Report-To': '{"group":"cf-nel","max_age":604800,"endpoints":[{"url":"https://a.nel.cloudflare.com/report/v4?s=M06x3Y%2FqfaLZ5Ro9OH4AcF1Rop6G62C8mGRlbrg5Qp4g2xW8hpLptl79DxKvEUp2fwT090Ki2hMfyrDl82Tm8Z1KKLdrp5ADugn1CN1CZzfrXru6qdT6x18RerQsiXJVXesTiiRGfSdb"}]}', 'CF-RAY': 'a3e0e2e4b826b96c-AMS', 'alt-svc': 'h3=":443"; ma=86400'}
Response cookies: {}

-----

-----
Test: tests/test_get_characters_from_films.py::TestCharacterFilms::test_get_characters_from_films (call)
Time: 2026-09-20 15:38:17.827850
Request method: GET
Request URL: https://swapi.info/api/people/7

Response code: 200
Response text: {
	"name": "Beru Whitesun lars",
	"height": "165",
	"mass": "75",
	"hair_color": "brown",
	"skin_color": "light",
	"eye_color": "blue",
	"birth_year": "47BBY",
	"gender": "female",
	"homeworld": "https://swapi.info/api/planets/1",
	"films": [
		"https://swapi.info/api/films/1",
		"https://swapi.info/api/films/5",
		"https://swapi.info/api/films/6"
	],
	"species": [],
	"vehicles": [],
	"starships": [],
	"created": "2014-12-10T15:53:41.121000Z",
	"edited": "2014-12-20T21:17:50.319000Z",
	"url": "https://swapi.info/api/people/7"
}

Response headers: {'Date': 'Sun, 20 Sep 2026 12:38:17 GMT', 'Content-Type': 'application/json', 'Content-Length': '534', 'Connection': 'keep-alive', 'Accept-Ranges': 'bytes', 'access-control-allow-headers': 'Content-Type', 'access-control-allow-methods': 'GET, OPTIONS', 'access-control-allow-origin': '*', 'Cache-Control': 'public, max-age=0, must-revalidate, no-store', 'cache-status': '"Netlify Edge"; fwd=miss; fwd-status=200; stored', 'etag': '"437cf4a5520b4c15431648195c53624b-ssl"', 'Server': 'cloudflare', 'strict-transport-security': 'max-age=31536000', 'x-nf-request-id': '01M2PNZAAM1MWXH0YEMPJCPZRB', 'Nel': '{"report_to":"cf-nel","success_fraction":0.0,"max_age":604800}', 'Age': '292774', 'cf-cache-status': 'HIT', 'Report-To': '{"group":"cf-nel","max_age":604800,"endpoints":[{"url":"https://a.nel.cloudflare.com/report/v4?s=heB%2Bz%2FEqPILsJIh5MVTRWA1Yb2GzHOo%2BdZpDHCUKsMejhEp1On%2FK6ucMZXowc4gT4nudzv0f9mM26nSg54CfzH6tbZbcPQ2vPiXYKnLZgavZGSTflGN4NDx%2FAxMGMPZCiEJNWwJTybel"}]}', 'CF-RAY': 'a3e0e2e78f64ddee-AMS', 'alt-svc': 'h3=":443"; ma=86400'}
Response cookies: {}

-----

-----
Test: tests/test_get_characters_from_films.py::TestCharacterFilms::test_get_characters_from_films (call)
Time: 2026-09-20 15:38:18.272895
Request method: GET
Request URL: https://swapi.info/api/people/8

Response code: 200
Response text: {
	"name": "R5-D4",
	"height": "97",
	"mass": "32",
	"hair_color": "n/a",
	"skin_color": "white, red",
	"eye_color": "red",
	"birth_year": "unknown",
	"gender": "n/a",
	"homeworld": "https://swapi.info/api/planets/1",
	"films": ["https://swapi.info/api/films/1"],
	"species": ["https://swapi.info/api/species/2"],
	"vehicles": [],
	"starships": [],
	"created": "2014-12-10T15:57:50.959000Z",
	"edited": "2014-12-20T21:17:50.321000Z",
	"url": "https://swapi.info/api/people/8"
}

Response headers: {'Date': 'Sun, 20 Sep 2026 12:38:18 GMT', 'Content-Type': 'application/json', 'Content-Length': '478', 'Connection': 'keep-alive', 'Accept-Ranges': 'bytes', 'access-control-allow-headers': 'Content-Type', 'access-control-allow-methods': 'GET, OPTIONS', 'access-control-allow-origin': '*', 'Age': '7208', 'Cache-Control': 'public, max-age=0, must-revalidate, no-store', 'cache-status': '"Netlify Edge"; fwd=miss; fwd-status=200; stored', 'etag': '"93d5036006cb0ae3cdb443561b16f8e4-ssl"', 'Server': 'cloudflare', 'strict-transport-security': 'max-age=31536000', 'x-nf-request-id': '01M2Z6A49HC4HGD6PEBY8G5H1R', 'cf-cache-status': 'HIT', 'Report-To': '{"group":"cf-nel","max_age":604800,"endpoints":[{"url":"https://a.nel.cloudflare.com/report/v4?s=rz%2F0dGjIy2JbtvMM3%2B1VRL6Pla2T%2B8hnwgps3rRaFi15b1FnzqO0pW9Y0ZuoUu4LaaX7YrzZCvW6CS6HfihONc6F4yWTAJ1jRC95%2BDNfHuIKjcyYa8zI8i%2Bjjyy4n%2FpHLM0%2B2XPsGuWm"}]}', 'Nel': '{"report_to":"cf-nel","success_fraction":0.0,"max_age":604800}', 'CF-RAY': 'a3e0e2ea4fc89fbe-AMS', 'alt-svc': 'h3=":443"; ma=86400'}
Response cookies: {}

-----

-----
Test: tests/test_get_characters_from_films.py::TestCharacterFilms::test_get_characters_from_films (call)
Time: 2026-09-20 15:38:18.779235
Request method: GET
Request URL: https://swapi.info/api/people/9

Response code: 200
Response text: {
	"name": "Biggs Darklighter",
	"height": "183",
	"mass": "84",
	"hair_color": "black",
	"skin_color": "light",
	"eye_color": "brown",
	"birth_year": "24BBY",
	"gender": "male",
	"homeworld": "https://swapi.info/api/planets/1",
	"films": ["https://swapi.info/api/films/1"],
	"species": [],
	"vehicles": [],
	"starships": ["https://swapi.info/api/starships/12"],
	"created": "2014-12-10T15:59:50.509000Z",
	"edited": "2014-12-20T21:17:50.323000Z",
	"url": "https://swapi.info/api/people/9"
}

Response headers: {'Date': 'Sun, 20 Sep 2026 12:38:18 GMT', 'Content-Type': 'application/json', 'Content-Length': '492', 'Connection': 'keep-alive', 'Accept-Ranges': 'bytes', 'access-control-allow-headers': 'Content-Type', 'access-control-allow-methods': 'GET, OPTIONS', 'access-control-allow-origin': '*', 'Age': '7207', 'Cache-Control': 'public, max-age=0, must-revalidate, no-store', 'cache-status': '"Netlify Edge"; fwd=miss; fwd-status=200; stored', 'etag': '"b54d8e8f9d7939b5519f8c476391aeaa-ssl"', 'Server': 'cloudflare', 'strict-transport-security': 'max-age=31536000', 'x-nf-request-id': '01M2Z6A53G40GV08H93A36E09Q', 'cf-cache-status': 'HIT', 'Report-To': '{"group":"cf-nel","max_age":604800,"endpoints":[{"url":"https://a.nel.cloudflare.com/report/v4?s=J865270roa2uAy43uVnRk9sY2il%2BnHNnjcgLXXGIWQEvhiBpOGWHadbxiL9IFq0D09a7ogGKBdFmtvP2lR5wWL4OyFvtYjPEkDwEqixm43TI692IUkeQ5YzdLIqnnNoeaawAukp12RJ1"}]}', 'Nel': '{"report_to":"cf-nel","success_fraction":0.0,"max_age":604800}', 'CF-RAY': 'a3e0e2ed6a849f9a-AMS', 'alt-svc': 'h3=":443"; ma=86400'}
Response cookies: {}

-----

-----
Test: tests/test_get_characters_from_films.py::TestCharacterFilms::test_get_characters_from_films (call)
Time: 2026-09-20 15:38:19.216877
Request method: GET
Request URL: https://swapi.info/api/people/10

Response code: 200
Response text: {
	"name": "Obi-Wan Kenobi",
	"height": "182",
	"mass": "77",
	"hair_color": "auburn, white",
	"skin_color": "fair",
	"eye_color": "blue-gray",
	"birth_year": "57BBY",
	"gender": "male",
	"homeworld": "https://swapi.info/api/planets/20",
	"films": [
		"https://swapi.info/api/films/1",
		"https://swapi.info/api/films/2",
		"https://swapi.info/api/films/3",
		"https://swapi.info/api/films/4",
		"https://swapi.info/api/films/5",
		"https://swapi.info/api/films/6"
	],
	"species": [],
	"vehicles": ["https://swapi.info/api/vehicles/38"],
	"starships": [
		"https://swapi.info/api/starships/48",
		"https://swapi.info/api/starships/59",
		"https://swapi.info/api/starships/64",
		"https://swapi.info/api/starships/65",
		"https://swapi.info/api/starships/74"
	],
	"created": "2014-12-10T16:16:29.192000Z",
	"edited": "2014-12-20T21:17:50.325000Z",
	"url": "https://swapi.info/api/people/10"
}

Response headers: {'Date': 'Sun, 20 Sep 2026 12:38:18 GMT', 'Content-Type': 'application/json', 'Content-Length': '892', 'Connection': 'keep-alive', 'Accept-Ranges': 'bytes', 'access-control-allow-headers': 'Content-Type', 'access-control-allow-methods': 'GET, OPTIONS', 'access-control-allow-origin': '*', 'Age': '56653', 'Cache-Control': 'public, max-age=0, must-revalidate, no-store', 'cache-status': '"Netlify Edge"; fwd=miss; fwd-status=200; stored', 'etag': '"73d3caa3853a292419a88877d000f8b7-ssl"', 'Server': 'cloudflare', 'strict-transport-security': 'max-age=31536000', 'x-nf-request-id': '01M2XQ56BDJAS5YFM23FYWGV84', 'cf-cache-status': 'HIT', 'Report-To': '{"group":"cf-nel","max_age":604800,"endpoints":[{"url":"https://a.nel.cloudflare.com/report/v4?s=ys2Sw2zxM%2FuQbxIoK7Cta8j0I0ypkSGwDPe5LipZ%2FWASxwZ17AktDby4xvFLmfW7hJpm%2Bvbf3E1Ve92xTC0C0kBDPZnlCvDdTjrBGRK1arKJe8zOMTrUxxdwyHA5LQ%2BSdfWfNJmTr9Bj"}]}', 'Nel': '{"report_to":"cf-nel","success_fraction":0.0,"max_age":604800}', 'CF-RAY': 'a3e0e2f01c1b1817-AMS', 'alt-svc': 'h3=":443"; ma=86400'}
Response cookies: {}

-----

-----
Test: tests/test_get_characters_from_films.py::TestCharacterFilms::test_get_characters_from_films (call)
Time: 2026-09-20 15:38:19.634759
Request method: GET
Request URL: https://swapi.info/api/people/12

Response code: 200
Response text: {
	"name": "Wilhuff Tarkin",
	"height": "180",
	"mass": "unknown",
	"hair_color": "auburn, grey",
	"skin_color": "fair",
	"eye_color": "blue",
	"birth_year": "64BBY",
	"gender": "male",
	"homeworld": "https://swapi.info/api/planets/21",
	"films": ["https://swapi.info/api/films/1", "https://swapi.info/api/films/6"],
	"species": [],
	"vehicles": [],
	"starships": [],
	"created": "2014-12-10T16:26:56.138000Z",
	"edited": "2014-12-20T21:17:50.330000Z",
	"url": "https://swapi.info/api/people/12"
}

Response headers: {'Date': 'Sun, 20 Sep 2026 12:38:19 GMT', 'Content-Type': 'application/json', 'Content-Length': '498', 'Connection': 'keep-alive', 'Accept-Ranges': 'bytes', 'access-control-allow-headers': 'Content-Type', 'access-control-allow-methods': 'GET, OPTIONS', 'access-control-allow-origin': '*', 'Cache-Control': 'public, max-age=0, must-revalidate, no-store', 'cache-status': '"Netlify Edge"; fwd=miss; fwd-status=200; stored', 'etag': '"0f1f26ee1fbb3f09191be2a1629266ba-ssl"', 'Server': 'cloudflare', 'strict-transport-security': 'max-age=31536000', 'x-nf-request-id': '01M2R4FNYXJ0G1CAGR9RJ93W58', 'Nel': '{"report_to":"cf-nel","success_fraction":0.0,"max_age":604800}', 'Age': '244005', 'cf-cache-status': 'HIT', 'Report-To': '{"group":"cf-nel","max_age":604800,"endpoints":[{"url":"https://a.nel.cloudflare.com/report/v4?s=cH6vn%2FYXPGQyfX4sE%2BpQiqxASdsP%2FmotOEn9TmJNId4047J1US8ae%2Fkl5aY8%2F%2F%2F9v3%2B%2BeEscr63eFZGxaOzFyJll3y5gG5KwLtocFSuNHyySoJ2pcGCu86ASX60j36H3bImx%2BW8%2B%2FuJX"}]}', 'CF-RAY': 'a3e0e2f2ba450a55-AMS', 'alt-svc': 'h3=":443"; ma=86400'}
Response cookies: {}

-----

-----
Test: tests/test_get_characters_from_films.py::TestCharacterFilms::test_get_characters_from_films (call)
Time: 2026-09-20 15:38:20.094185
Request method: GET
Request URL: https://swapi.info/api/people/13

Response code: 200
Response text: {
	"name": "Chewbacca",
	"height": "228",
	"mass": "112",
	"hair_color": "brown",
	"skin_color": "unknown",
	"eye_color": "blue",
	"birth_year": "200BBY",
	"gender": "male",
	"homeworld": "https://swapi.info/api/planets/14",
	"films": [
		"https://swapi.info/api/films/1",
		"https://swapi.info/api/films/2",
		"https://swapi.info/api/films/3",
		"https://swapi.info/api/films/6"
	],
	"species": ["https://swapi.info/api/species/3"],
	"vehicles": ["https://swapi.info/api/vehicles/19"],
	"starships": [
		"https://swapi.info/api/starships/10",
		"https://swapi.info/api/starships/22"
	],
	"created": "2014-12-10T16:42:45.066000Z",
	"edited": "2014-12-20T21:17:50.332000Z",
	"url": "https://swapi.info/api/people/13"
}

Response headers: {'Date': 'Sun, 20 Sep 2026 12:38:19 GMT', 'Content-Type': 'application/json', 'Content-Length': '718', 'Connection': 'keep-alive', 'Accept-Ranges': 'bytes', 'access-control-allow-headers': 'Content-Type', 'access-control-allow-methods': 'GET, OPTIONS', 'access-control-allow-origin': '*', 'Age': '7207', 'Cache-Control': 'public, max-age=0, must-revalidate, no-store', 'cache-status': '"Netlify Edge"; fwd=miss; fwd-status=200; stored', 'etag': '"008f2dbae9752541cd116a94ca2fbe07-ssl"', 'Server': 'cloudflare', 'strict-transport-security': 'max-age=31536000', 'x-nf-request-id': '01M2Z6A6MRE08XS130C5PQHG7X', 'cf-cache-status': 'HIT', 'Report-To': '{"group":"cf-nel","max_age":604800,"endpoints":[{"url":"https://a.nel.cloudflare.com/report/v4?s=RYQl1kOxX4WIX94gSSmt42RwF%2FJQXIGUA%2FVcwta9GicoXV4J8S3rUM8obUuieuF0tBvAN%2FnCTAeYyAl6zGhvw92APSMdEzuirbUUTz9gZDm6kxeuWNJJkD%2FsGLWTUSjA9knwXnhMjNfr"}]}', 'Nel': '{"report_to":"cf-nel","success_fraction":0.0,"max_age":604800}', 'CF-RAY': 'a3e0e2f59843391d-AMS', 'alt-svc': 'h3=":443"; ma=86400'}
Response cookies: {}

-----

-----
Test: tests/test_get_characters_from_films.py::TestCharacterFilms::test_get_characters_from_films (call)
Time: 2026-09-20 15:38:20.530099
Request method: GET
Request URL: https://swapi.info/api/people/14

Response code: 200
Response text: {
	"name": "Han Solo",
	"height": "180",
	"mass": "80",
	"hair_color": "brown",
	"skin_color": "fair",
	"eye_color": "brown",
	"birth_year": "29BBY",
	"gender": "male",
	"homeworld": "https://swapi.info/api/planets/22",
	"films": [
		"https://swapi.info/api/films/1",
		"https://swapi.info/api/films/2",
		"https://swapi.info/api/films/3"
	],
	"species": [],
	"vehicles": [],
	"starships": [
		"https://swapi.info/api/starships/10",
		"https://swapi.info/api/starships/22"
	],
	"created": "2014-12-10T16:49:14.582000Z",
	"edited": "2014-12-20T21:17:50.334000Z",
	"url": "https://swapi.info/api/people/14"
}

Response headers: {'Date': 'Sun, 20 Sep 2026 12:38:20 GMT', 'Content-Type': 'application/json', 'Content-Length': '607', 'Connection': 'keep-alive', 'Accept-Ranges': 'bytes', 'access-control-allow-headers': 'Content-Type', 'access-control-allow-methods': 'GET, OPTIONS', 'access-control-allow-origin': '*', 'Cache-Control': 'public, max-age=0, must-revalidate, no-store', 'cache-status': '"Netlify Edge"; fwd=miss; fwd-status=200; stored', 'etag': '"da1f1941fc33bbf5058536f4d6cc6fb9-ssl"', 'Server': 'cloudflare', 'strict-transport-security': 'max-age=31536000', 'x-nf-request-id': '01M2R4FP2A08F8DM35S85XS8F2', 'Nel': '{"report_to":"cf-nel","success_fraction":0.0,"max_age":604800}', 'Age': '244006', 'cf-cache-status': 'HIT', 'Report-To': '{"group":"cf-nel","max_age":604800,"endpoints":[{"url":"https://a.nel.cloudflare.com/report/v4?s=g3cpckmYNuxV7J3z%2FWzXNGLWKugTrC%2BTMcyIgHN78J37CAQ3ZRhXklyM4n%2BrIZAxDpS%2FxHxI5OAvm%2B1iWTpXsGW4JBXqfyr1JACYqg%2BCOLm9aEN5hFUm42Io5NC%2Fs2JR1jIc2d1Fz9Yo"}]}', 'CF-RAY': 'a3e0e2f848b1feb8-AMS', 'alt-svc': 'h3=":443"; ma=86400'}
Response cookies: {}

-----

-----
Test: tests/test_get_characters_from_films.py::TestCharacterFilms::test_get_characters_from_films (call)
Time: 2026-09-20 15:38:20.953011
Request method: GET
Request URL: https://swapi.info/api/people/15

Response code: 200
Response text: {
	"name": "Greedo",
	"height": "173",
	"mass": "74",
	"hair_color": "n/a",
	"skin_color": "green",
	"eye_color": "black",
	"birth_year": "44BBY",
	"gender": "male",
	"homeworld": "https://swapi.info/api/planets/23",
	"films": ["https://swapi.info/api/films/1"],
	"species": ["https://swapi.info/api/species/4"],
	"vehicles": [],
	"starships": [],
	"created": "2014-12-10T17:03:30.334000Z",
	"edited": "2014-12-20T21:17:50.336000Z",
	"url": "https://swapi.info/api/people/15"
}

Response headers: {'Date': 'Sun, 20 Sep 2026 12:38:20 GMT', 'Content-Type': 'application/json', 'Content-Length': '478', 'Connection': 'keep-alive', 'Accept-Ranges': 'bytes', 'access-control-allow-headers': 'Content-Type', 'access-control-allow-methods': 'GET, OPTIONS', 'access-control-allow-origin': '*', 'Cache-Control': 'public, max-age=0, must-revalidate, no-store', 'cache-status': '"Netlify Edge"; hit; ttl=31532034', 'etag': '"0c4bc60ecdf5551339d4e52a15ab4321-ssl"', 'Server': 'cloudflare', 'strict-transport-security': 'max-age=31536000', 'x-nf-request-id': '01M2R4FP1N859W4T84BJH8J05Q', 'Nel': '{"report_to":"cf-nel","success_fraction":0.0,"max_age":604800}', 'Age': '244007', 'cf-cache-status': 'HIT', 'Report-To': '{"group":"cf-nel","max_age":604800,"endpoints":[{"url":"https://a.nel.cloudflare.com/report/v4?s=kTJK4lCwsS0RpaJ6XI%2BQGy8Or3eLAG5y3EUHf%2BZdev1aMRiREwfDUGqyEt5IpmMrzxjHCU9Y5MYvVl7uDwJDsZZau%2FbOvsey%2BbMzl2%2BDWzKperp4kSJ82MYqauzQf3V3llZJdJk6%2FzfN"}]}', 'CF-RAY': 'a3e0e2faedfff5b0-AMS', 'alt-svc': 'h3=":443"; ma=86400'}
Response cookies: {}

-----

-----
Test: tests/test_get_characters_from_films.py::TestCharacterFilms::test_get_characters_from_films (call)
Time: 2026-09-20 15:38:21.374845
Request method: GET
Request URL: https://swapi.info/api/people/16

Response code: 200
Response text: {
	"name": "Jabba Desilijic Tiure",
	"height": "175",
	"mass": "1,358",
	"hair_color": "n/a",
	"skin_color": "green-tan, brown",
	"eye_color": "orange",
	"birth_year": "600BBY",
	"gender": "hermaphrodite",
	"homeworld": "https://swapi.info/api/planets/24",
	"films": [
		"https://swapi.info/api/films/1",
		"https://swapi.info/api/films/3",
		"https://swapi.info/api/films/4"
	],
	"species": ["https://swapi.info/api/species/5"],
	"vehicles": [],
	"starships": [],
	"created": "2014-12-10T17:11:31.638000Z",
	"edited": "2014-12-20T21:17:50.338000Z",
	"url": "https://swapi.info/api/people/16"
}

Response headers: {'Date': 'Sun, 20 Sep 2026 12:38:21 GMT', 'Content-Type': 'application/json', 'Content-Length': '595', 'Connection': 'keep-alive', 'Accept-Ranges': 'bytes', 'access-control-allow-headers': 'Content-Type', 'access-control-allow-methods': 'GET, OPTIONS', 'access-control-allow-origin': '*', 'Cache-Control': 'public, max-age=0, must-revalidate, no-store', 'cache-status': '"Netlify Edge"; fwd=miss; fwd-status=200; stored', 'etag': '"11db2f737840633485c1a0ce05b1bc8f-ssl"', 'Server': 'cloudflare', 'strict-transport-security': 'max-age=31536000', 'x-nf-request-id': '01M2Z6A87QPJ06DCEDC9CAYX4P', 'Nel': '{"report_to":"cf-nel","success_fraction":0.0,"max_age":604800}', 'Age': '7207', 'cf-cache-status': 'HIT', 'Report-To': '{"group":"cf-nel","max_age":604800,"endpoints":[{"url":"https://a.nel.cloudflare.com/report/v4?s=brWYZnkpt%2FcDlrFnk5tPhcfMca7OaWmNucYZBw%2FnYSlSDV%2BrZE0mL4kclTgH3pXbT923H%2FGwAD4cK1NaxVLtpcVGHdQheBCJDS3A1k1g8U11iGI70IKwk6fNnH9eDZR68io8Et3fOCi%2B"}]}', 'CF-RAY': 'a3e0e2fdaf63f400-LHR', 'alt-svc': 'h3=":443"; ma=86400'}
Response cookies: {}

-----

-----
Test: tests/test_get_characters_from_films.py::TestCharacterFilms::test_get_characters_from_films (call)
Time: 2026-09-20 15:38:21.815085
Request method: GET
Request URL: https://swapi.info/api/people/18

Response code: 200
Response text: {
	"name": "Wedge Antilles",
	"height": "170",
	"mass": "77",
	"hair_color": "brown",
	"skin_color": "fair",
	"eye_color": "hazel",
	"birth_year": "21BBY",
	"gender": "male",
	"homeworld": "https://swapi.info/api/planets/22",
	"films": [
		"https://swapi.info/api/films/1",
		"https://swapi.info/api/films/2",
		"https://swapi.info/api/films/3"
	],
	"species": [],
	"vehicles": ["https://swapi.info/api/vehicles/14"],
	"starships": ["https://swapi.info/api/starships/12"],
	"created": "2014-12-12T11:08:06.469000Z",
	"edited": "2014-12-20T21:17:50.341000Z",
	"url": "https://swapi.info/api/people/18"
}

Response headers: {'Date': 'Sun, 20 Sep 2026 12:38:21 GMT', 'Content-Type': 'application/json', 'Content-Length': '603', 'Connection': 'keep-alive', 'Accept-Ranges': 'bytes', 'access-control-allow-headers': 'Content-Type', 'access-control-allow-methods': 'GET, OPTIONS', 'access-control-allow-origin': '*', 'Cache-Control': 'public, max-age=0, must-revalidate, no-store', 'cache-status': '"Netlify Edge"; fwd=miss; fwd-status=200; stored', 'etag': '"6399cc9cdde08a57636eed4e2d0d8dde-ssl"', 'Server': 'cloudflare', 'strict-transport-security': 'max-age=31536000', 'x-nf-request-id': '01M2R4FP3PPGNTGBXVKQ4ZFK98', 'Nel': '{"report_to":"cf-nel","success_fraction":0.0,"max_age":604800}', 'Age': '244007', 'cf-cache-status': 'HIT', 'Report-To': '{"group":"cf-nel","max_age":604800,"endpoints":[{"url":"https://a.nel.cloudflare.com/report/v4?s=W8uEE%2BAT9UY6cpvnTmzBKYXQlMH0B6suKVjaM6WSkDv90xuE7z%2Br5bD8lcU9gHWGvHN9IoRhTi3U953J%2BNgZ5%2FG3E%2FhchAuM028KUdnYNAvOFSaRs9z3obEvKh0%2Bf8BLZhRNeQA1E8tE"}]}', 'CF-RAY': 'a3e0e300781576fb-LHR', 'alt-svc': 'h3=":443"; ma=86400'}
Response cookies: {}

-----

-----
Test: tests/test_get_characters_from_films.py::TestCharacterFilms::test_get_characters_from_films (call)
Time: 2026-09-20 15:38:22.280142
Request method: GET
Request URL: https://swapi.info/api/people/19

Response code: 200
Response text: {
	"name": "Jek Tono Porkins",
	"height": "180",
	"mass": "110",
	"hair_color": "brown",
	"skin_color": "fair",
	"eye_color": "blue",
	"birth_year": "unknown",
	"gender": "male",
	"homeworld": "https://swapi.info/api/planets/26",
	"films": ["https://swapi.info/api/films/1"],
	"species": [],
	"vehicles": [],
	"starships": ["https://swapi.info/api/starships/12"],
	"created": "2014-12-12T11:16:56.569000Z",
	"edited": "2014-12-20T21:17:50.343000Z",
	"url": "https://swapi.info/api/people/19"
}

Response headers: {'Date': 'Sun, 20 Sep 2026 12:38:22 GMT', 'Content-Type': 'application/json', 'Content-Length': '494', 'Connection': 'keep-alive', 'Accept-Ranges': 'bytes', 'access-control-allow-headers': 'Content-Type', 'access-control-allow-methods': 'GET, OPTIONS', 'access-control-allow-origin': '*', 'Cache-Control': 'public, max-age=0, must-revalidate, no-store', 'cache-status': '"Netlify Edge"; fwd=miss; fwd-status=200; stored', 'etag': '"43bb6f2f76010dd515c95e762cbf3ef3-ssl"', 'Server': 'cloudflare', 'strict-transport-security': 'max-age=31536000', 'x-nf-request-id': '01M2Z6A9F21KB3Q017ZCKFZP61', 'Nel': '{"report_to":"cf-nel","success_fraction":0.0,"max_age":604800}', 'Age': '7206', 'cf-cache-status': 'HIT', 'Report-To': '{"group":"cf-nel","max_age":604800,"endpoints":[{"url":"https://a.nel.cloudflare.com/report/v4?s=THY2F93CW%2FeVLJZ4MJlL7blCNJVSME52bqVASx1ttWEzliJho9WuIz%2BYDNjZz%2B1%2FYUQ%2FrZvTC9b010B4quiELXrssNrI0qCKebeLZW8IbhTbYAM29V0NnM23GMLUcsDu9i1UWtExw7Ig"}]}', 'CF-RAY': 'a3e0e3035943cd16-LHR', 'alt-svc': 'h3=":443"; ma=86400'}
Response cookies: {}

-----

-----
Test: tests/test_get_characters_from_films.py::TestCharacterFilms::test_get_characters_from_films (call)
Time: 2026-09-20 15:38:22.753604
Request method: GET
Request URL: https://swapi.info/api/people/81

Response code: 200
Response text: {
	"name": "Raymus Antilles",
	"height": "188",
	"mass": "79",
	"hair_color": "brown",
	"skin_color": "light",
	"eye_color": "brown",
	"birth_year": "unknown",
	"gender": "male",
	"homeworld": "https://swapi.info/api/planets/2",
	"films": ["https://swapi.info/api/films/1", "https://swapi.info/api/films/6"],
	"species": [],
	"vehicles": [],
	"starships": [],
	"created": "2014-12-20T19:49:35.583000Z",
	"edited": "2014-12-20T21:17:50.493000Z",
	"url": "https://swapi.info/api/people/81"
}

Response headers: {'Date': 'Sun, 20 Sep 2026 12:38:22 GMT', 'Content-Type': 'application/json', 'Content-Length': '490', 'Connection': 'keep-alive', 'Accept-Ranges': 'bytes', 'access-control-allow-headers': 'Content-Type', 'access-control-allow-methods': 'GET, OPTIONS', 'access-control-allow-origin': '*', 'Cache-Control': 'public, max-age=0, must-revalidate, no-store', 'cache-status': '"Netlify Edge"; fwd=miss; fwd-status=200; stored', 'etag': '"66304f24d81b8a69a1c2c37b40c02389-ssl"', 'Server': 'cloudflare', 'strict-transport-security': 'max-age=31536000', 'x-nf-request-id': '01M2Z6AA8QVVWPWHEHMTXE18CK', 'Nel': '{"report_to":"cf-nel","success_fraction":0.0,"max_age":604800}', 'Age': '7206', 'cf-cache-status': 'HIT', 'Report-To': '{"group":"cf-nel","max_age":604800,"endpoints":[{"url":"https://a.nel.cloudflare.com/report/v4?s=GhDhksJ3HBAg0H1w5orlp6D8mLQWvif2Aloova0CbvOehzoTUXZ%2BoWeK7Y3fS6mNNOkbMrCwBeUSi2X%2FossSIcz%2FPcQ21cOFo4a%2FGlDicGzavOzXz7veAra9EWFrr4B2btbdbk0zz1Pz"}]}', 'CF-RAY': 'a3e0e30639a77c14-AMS', 'alt-svc': 'h3=":443"; ma=86400'}
Response cookies: {}

-----

-----
Test: tests/test_get_characters_from_films.py::TestCharacterFilms::test_get_characters_from_films (call)
Time: 2026-09-20 15:38:23.179570
Request method: GET
Request URL: https://swapi.info/api/films/2

Response code: 200
Response text: {
	"title": "The Empire Strikes Back",
	"episode_id": 5,
	"opening_crawl": "It is a dark time for the\r\nRebellion. Although the Death\r\nStar has been destroyed,\r\nImperial troops have driven the\r\nRebel forces from their hidden\r\nbase and pursued them across\r\nthe galaxy.\r\n\r\nEvading the dreaded Imperial\r\nStarfleet, a group of freedom\r\nfighters led by Luke Skywalker\r\nhas established a new secret\r\nbase on the remote ice world\r\nof Hoth.\r\n\r\nThe evil lord Darth Vader,\r\nobsessed with finding young\r\nSkywalker, has dispatched\r\nthousands of remote probes into\r\nthe far reaches of space....",
	"director": "Irvin Kershner",
	"producer": "Gary Kurtz, Rick McCallum",
	"release_date": "1980-05-17",
	"characters": [
		"https://swapi.info/api/people/1",
		"https://swapi.info/api/people/2",
		"https://swapi.info/api/people/3",
		"https://swapi.info/api/people/4",
		"https://swapi.info/api/people/5",
		"https://swapi.info/api/people/10",
		"https://swapi.info/api/people/13",
		"https://swapi.info/api/people/14",
		"https://swapi.info/api/people/18",
		"https://swapi.info/api/people/20",
		"https://swapi.info/api/people/21",
		"https://swapi.info/api/people/22",
		"https://swapi.info/api/people/23",
		"https://swapi.info/api/people/24",
		"https://swapi.info/api/people/25",
		"https://swapi.info/api/people/26"
	],
	"planets": [
		"https://swapi.info/api/planets/4",
		"https://swapi.info/api/planets/5",
		"https://swapi.info/api/planets/6",
		"https://swapi.info/api/planets/27"
	],
	"starships": [
		"https://swapi.info/api/starships/3",
		"https://swapi.info/api/starships/10",
		"https://swapi.info/api/starships/11",
		"https://swapi.info/api/starships/12",
		"https://swapi.info/api/starships/15",
		"https://swapi.info/api/starships/17",
		"https://swapi.info/api/starships/21",
		"https://swapi.info/api/starships/22",
		"https://swapi.info/api/starships/23"
	],
	"vehicles": [
		"https://swapi.info/api/vehicles/8",
		"https://swapi.info/api/vehicles/14",
		"https://swapi.info/api/vehicles/16",
		"https://swapi.info/api/vehicles/18",
		"https://swapi.info/api/vehicles/19",
		"https://swapi.info/api/vehicles/20"
	],
	"species": [
		"https://swapi.info/api/species/1",
		"https://swapi.info/api/species/2",
		"https://swapi.info/api/species/3",
		"https://swapi.info/api/species/6",
		"https://swapi.info/api/species/7"
	],
	"created": "2014-12-12T11:26:24.656000Z",
	"edited": "2014-12-15T13:07:53.386000Z",
	"url": "https://swapi.info/api/films/2"
}

Response headers: {'Date': 'Sun, 20 Sep 2026 12:38:22 GMT', 'Content-Type': 'application/json', 'Transfer-Encoding': 'chunked', 'Connection': 'keep-alive', 'access-control-allow-headers': 'Content-Type', 'access-control-allow-methods': 'GET, OPTIONS', 'access-control-allow-origin': '*', 'Cache-Control': 'public, max-age=0, must-revalidate, no-store', 'cache-status': '"Netlify Edge"; fwd=miss; fwd-status=200; stored', 'etag': 'W/"e30ae409b8ba819de2a587730f3c60a2-ssl-df"', 'Report-To': '{"group":"cf-nel","max_age":604800,"endpoints":[{"url":"https://a.nel.cloudflare.com/report/v4?s=s4p2Pn4QGVtDJS%2BaV6fOQD9himjeMqCf1YGz4DYNOjEQT7amCbqBV%2F4GXFkwSgXdsidfE%2FEe81ppsjjxwgZ606ZvJFudgtsGhR8enk51tITBjyjHRn9gwwWbYegKQ4omqNK9eKe1x7rM"}]}', 'Server': 'cloudflare', 'strict-transport-security': 'max-age=31536000', 'vary': 'Accept-Encoding', 'x-nf-request-id': '01M2J9G6BX2ZWGCA3ZGV69TER4', 'Nel': '{"report_to":"cf-nel","success_fraction":0.0,"max_age":604800}', 'Age': '440076', 'cf-cache-status': 'HIT', 'Content-Encoding': 'gzip', 'CF-RAY': 'a3e0e308df37b0f9-AMS', 'alt-svc': 'h3=":443"; ma=86400'}
Response cookies: {}

-----

-----
Test: tests/test_get_characters_from_films.py::TestCharacterFilms::test_get_characters_from_films (call)
Time: 2026-09-20 15:38:23.608483
Request method: GET
Request URL: https://swapi.info/api/people/1

Response code: 200
Response text: {
	"name": "Luke Skywalker",
	"height": "172",
	"mass": "77",
	"hair_color": "blond",
	"skin_color": "fair",
	"eye_color": "blue",
	"birth_year": "19BBY",
	"gender": "male",
	"homeworld": "https://swapi.info/api/planets/1",
	"films": [
		"https://swapi.info/api/films/1",
		"https://swapi.info/api/films/2",
		"https://swapi.info/api/films/3",
		"https://swapi.info/api/films/6"
	],
	"species": [],
	"vehicles": [
		"https://swapi.info/api/vehicles/14",
		"https://swapi.info/api/vehicles/30"
	],
	"starships": [
		"https://swapi.info/api/starships/12",
		"https://swapi.info/api/starships/22"
	],
	"created": "2014-12-09T13:50:51.644000Z",
	"edited": "2014-12-20T21:17:56.891000Z",
	"url": "https://swapi.info/api/people/1"
}

Response headers: {'Date': 'Sun, 20 Sep 2026 12:38:23 GMT', 'Content-Type': 'application/json', 'Content-Length': '727', 'Connection': 'keep-alive', 'Accept-Ranges': 'bytes', 'access-control-allow-headers': 'Content-Type', 'access-control-allow-methods': 'GET, OPTIONS', 'access-control-allow-origin': '*', 'Age': '7217', 'Cache-Control': 'public, max-age=0, must-revalidate, no-store', 'cache-status': '"Netlify Edge"; fwd=miss; fwd-status=200; stored', 'etag': '"f91d80535d2a2a0949ba6bd161399a64-ssl"', 'Server': 'cloudflare', 'strict-transport-security': 'max-age=31536000', 'x-nf-request-id': '01M2Z6A0P97JDGQNBP17GX3NC2', 'cf-cache-status': 'HIT', 'Report-To': '{"group":"cf-nel","max_age":604800,"endpoints":[{"url":"https://a.nel.cloudflare.com/report/v4?s=rIei8kNYXJIW31o1dpDVRY1rNSu6W%2BpJDdN7NKuQrtjqgPnsqGmrOwatwlOU3%2Fe3CfvJingZMQzQsGgDgf7aKXUPpvVYFd8tVi37Ey3ZvaPP61osnfzVU8yLK3%2B3kaeSdL2OziFXCvQP"}]}', 'Nel': '{"report_to":"cf-nel","success_fraction":0.0,"max_age":604800}', 'CF-RAY': 'a3e0e30b8887b903-AMS', 'alt-svc': 'h3=":443"; ma=86400'}
Response cookies: {}

-----

-----
Test: tests/test_get_characters_from_films.py::TestCharacterFilms::test_get_characters_from_films (call)
Time: 2026-09-20 15:38:24.041888
Request method: GET
Request URL: https://swapi.info/api/people/2

Response code: 200
Response text: {
	"name": "C-3PO",
	"height": "167",
	"mass": "75",
	"hair_color": "n/a",
	"skin_color": "gold",
	"eye_color": "yellow",
	"birth_year": "112BBY",
	"gender": "n/a",
	"homeworld": "https://swapi.info/api/planets/1",
	"films": [
		"https://swapi.info/api/films/1",
		"https://swapi.info/api/films/2",
		"https://swapi.info/api/films/3",
		"https://swapi.info/api/films/4",
		"https://swapi.info/api/films/5",
		"https://swapi.info/api/films/6"
	],
	"species": ["https://swapi.info/api/species/2"],
	"vehicles": [],
	"starships": [],
	"created": "2014-12-10T15:10:51.357000Z",
	"edited": "2014-12-20T21:17:50.309000Z",
	"url": "https://swapi.info/api/people/2"
}

Response headers: {'Date': 'Sun, 20 Sep 2026 12:38:23 GMT', 'Content-Type': 'application/json', 'Content-Length': '660', 'Connection': 'keep-alive', 'Accept-Ranges': 'bytes', 'access-control-allow-headers': 'Content-Type', 'access-control-allow-methods': 'GET, OPTIONS', 'access-control-allow-origin': '*', 'Cache-Control': 'public, max-age=0, must-revalidate, no-store', 'cache-status': '"Netlify Edge"; fwd=miss; fwd-status=200; stored', 'etag': '"e0663a737493ddc063d4dca98f26f8d1-ssl"', 'Server': 'cloudflare', 'strict-transport-security': 'max-age=31536000', 'x-nf-request-id': '01M2QP2GQQSP3S66D0DZESH3WM', 'Nel': '{"report_to":"cf-nel","success_fraction":0.0,"max_age":604800}', 'Age': '259121', 'cf-cache-status': 'HIT', 'Report-To': '{"group":"cf-nel","max_age":604800,"endpoints":[{"url":"https://a.nel.cloudflare.com/report/v4?s=dDK03fFlaS%2B3EEFo%2Folpje85hi8kAS9Kk72JPvbsCSRVStI6hotTfvpb1e%2BOhLniCUuzjDek%2Bq%2BpvCpf9kc8E%2FzXCsjJMVqV9DmG5MQa%2FMC5ovfNdgfmb2eTBbXcW61P4jx4VzDBlj%2FR"}]}', 'CF-RAY': 'a3e0e30e5e06418e-LHR', 'alt-svc': 'h3=":443"; ma=86400'}
Response cookies: {}

-----

-----
Test: tests/test_get_characters_from_films.py::TestCharacterFilms::test_get_characters_from_films (call)
Time: 2026-09-20 15:38:24.503968
Request method: GET
Request URL: https://swapi.info/api/people/3

Response code: 200
Response text: {
	"name": "R2-D2",
	"height": "96",
	"mass": "32",
	"hair_color": "n/a",
	"skin_color": "white, blue",
	"eye_color": "red",
	"birth_year": "33BBY",
	"gender": "n/a",
	"homeworld": "https://swapi.info/api/planets/8",
	"films": [
		"https://swapi.info/api/films/1",
		"https://swapi.info/api/films/2",
		"https://swapi.info/api/films/3",
		"https://swapi.info/api/films/4",
		"https://swapi.info/api/films/5",
		"https://swapi.info/api/films/6"
	],
	"species": ["https://swapi.info/api/species/2"],
	"vehicles": [],
	"starships": [],
	"created": "2014-12-10T15:11:50.376000Z",
	"edited": "2014-12-20T21:17:50.311000Z",
	"url": "https://swapi.info/api/people/3"
}

Response headers: {'Date': 'Sun, 20 Sep 2026 12:38:24 GMT', 'Content-Type': 'application/json', 'Content-Length': '662', 'Connection': 'keep-alive', 'Accept-Ranges': 'bytes', 'access-control-allow-headers': 'Content-Type', 'access-control-allow-methods': 'GET, OPTIONS', 'access-control-allow-origin': '*', 'Cache-Control': 'public, max-age=0, must-revalidate, no-store', 'cache-status': '"Netlify Edge"; fwd=miss; fwd-status=200; stored', 'etag': '"ffd4c6fda753bad2d64161f991c84a36-ssl"', 'Server': 'cloudflare', 'strict-transport-security': 'max-age=31536000', 'x-nf-request-id': '01M22N9TWG1RR5FDXX1QCQWAXZ', 'Nel': '{"report_to":"cf-nel","success_fraction":0.0,"max_age":604800}', 'Age': '964573', 'cf-cache-status': 'HIT', 'Report-To': '{"group":"cf-nel","max_age":604800,"endpoints":[{"url":"https://a.nel.cloudflare.com/report/v4?s=jLwboPUdeX3AClKWJOss6JMKBW8L3Hl2Z62a0mKm%2Fjggckje6Ac62lRbkp0soZthGxmPf%2BCU%2FsQN5h9HfQ%2F%2FIzGr7xhyF76%2BgMpGyHvrFX1NPBE67BS5EiEsLvVTZqEEEUyOdOL%2BnuoJ"}]}', 'CF-RAY': 'a3e0e31138223c8b-LHR', 'alt-svc': 'h3=":443"; ma=86400'}
Response cookies: {}

-----

-----
Test: tests/test_get_characters_from_films.py::TestCharacterFilms::test_get_characters_from_films (call)
Time: 2026-09-20 15:38:24.939702
Request method: GET
Request URL: https://swapi.info/api/people/4

Response code: 200
Response text: {
	"name": "Darth Vader",
	"height": "202",
	"mass": "136",
	"hair_color": "none",
	"skin_color": "white",
	"eye_color": "yellow",
	"birth_year": "41.9BBY",
	"gender": "male",
	"homeworld": "https://swapi.info/api/planets/1",
	"films": [
		"https://swapi.info/api/films/1",
		"https://swapi.info/api/films/2",
		"https://swapi.info/api/films/3",
		"https://swapi.info/api/films/6"
	],
	"species": [],
	"vehicles": [],
	"starships": ["https://swapi.info/api/starships/13"],
	"created": "2014-12-10T15:18:20.704000Z",
	"edited": "2014-12-20T21:17:50.313000Z",
	"url": "https://swapi.info/api/people/4"
}

Response headers: {'Date': 'Sun, 20 Sep 2026 12:38:24 GMT', 'Content-Type': 'application/json', 'Content-Length': '602', 'Connection': 'keep-alive', 'Accept-Ranges': 'bytes', 'access-control-allow-headers': 'Content-Type', 'access-control-allow-methods': 'GET, OPTIONS', 'access-control-allow-origin': '*', 'Cache-Control': 'public, max-age=0, must-revalidate, no-store', 'cache-status': '"Netlify Edge"; fwd=miss; fwd-status=200; stored', 'etag': '"bc49380df3862baaed50eedc59309ae0-ssl"', 'Server': 'cloudflare', 'strict-transport-security': 'max-age=31536000', 'x-nf-request-id': '01M2QP2Z2C7A3HFRNQZJY1GMCE', 'Nel': '{"report_to":"cf-nel","success_fraction":0.0,"max_age":604800}', 'Age': '259107', 'cf-cache-status': 'HIT', 'Report-To': '{"group":"cf-nel","max_age":604800,"endpoints":[{"url":"https://a.nel.cloudflare.com/report/v4?s=Zaizvuudkq%2FteGCGlNszY9prc1W5suL7hH6kUhVAu%2FzYtrAQk6HEIehUPqRW4XP%2Bi8hQY4InNINCUGifUNAE%2F6Ewpik7rRizQCYqkbpmy3jdQR0p20ihDTjr5MPhrXXGZu1tcBvhGHjX"}]}', 'CF-RAY': 'a3e0e313dfb3bcc9-AMS', 'alt-svc': 'h3=":443"; ma=86400'}
Response cookies: {}

-----

-----
Test: tests/test_get_characters_from_films.py::TestCharacterFilms::test_get_characters_from_films (call)
Time: 2026-09-20 15:38:25.353457
Request method: GET
Request URL: https://swapi.info/api/people/5

Response code: 200
Response text: {
	"name": "Leia Organa",
	"height": "150",
	"mass": "49",
	"hair_color": "brown",
	"skin_color": "light",
	"eye_color": "brown",
	"birth_year": "19BBY",
	"gender": "female",
	"homeworld": "https://swapi.info/api/planets/2",
	"films": [
		"https://swapi.info/api/films/1",
		"https://swapi.info/api/films/2",
		"https://swapi.info/api/films/3",
		"https://swapi.info/api/films/6"
	],
	"species": [],
	"vehicles": ["https://swapi.info/api/vehicles/30"],
	"starships": [],
	"created": "2014-12-10T15:20:09.791000Z",
	"edited": "2014-12-20T21:17:50.315000Z",
	"url": "https://swapi.info/api/people/5"
}

Response headers: {'Date': 'Sun, 20 Sep 2026 12:38:25 GMT', 'Content-Type': 'application/json', 'Content-Length': '600', 'Connection': 'keep-alive', 'Accept-Ranges': 'bytes', 'access-control-allow-headers': 'Content-Type', 'access-control-allow-methods': 'GET, OPTIONS', 'access-control-allow-origin': '*', 'Cache-Control': 'public, max-age=0, must-revalidate, no-store', 'cache-status': '"Netlify Edge"; fwd=miss; fwd-status=200; stored', 'etag': '"5a1cc80c4dec2dc5cff06ba44b4ec063-ssl"', 'Server': 'cloudflare', 'strict-transport-security': 'max-age=31536000', 'x-nf-request-id': '01M2QP6Y3AVC307SQAY41114GX', 'Nel': '{"report_to":"cf-nel","success_fraction":0.0,"max_age":604800}', 'Age': '258977', 'cf-cache-status': 'HIT', 'Report-To': '{"group":"cf-nel","max_age":604800,"endpoints":[{"url":"https://a.nel.cloudflare.com/report/v4?s=4SZkJzv%2B7Ts8MYmNz8vCDMePFP3MefrAYHZithxYS3CdFVH5pNoq1Ze29k%2BBU3pavTKPoeaP2nhrbXG1LMtHwjJOk07xnP01y64n%2FQdGxR4b2paCg%2FXRxHnvMO%2BmubZim%2Bo7MLQVvKxu"}]}', 'CF-RAY': 'a3e0e3167addf7ea-AMS', 'alt-svc': 'h3=":443"; ma=86400'}
Response cookies: {}

-----

-----
Test: tests/test_get_characters_from_films.py::TestCharacterFilms::test_get_characters_from_films (call)
Time: 2026-09-20 15:38:25.782553
Request method: GET
Request URL: https://swapi.info/api/people/10

Response code: 200
Response text: {
	"name": "Obi-Wan Kenobi",
	"height": "182",
	"mass": "77",
	"hair_color": "auburn, white",
	"skin_color": "fair",
	"eye_color": "blue-gray",
	"birth_year": "57BBY",
	"gender": "male",
	"homeworld": "https://swapi.info/api/planets/20",
	"films": [
		"https://swapi.info/api/films/1",
		"https://swapi.info/api/films/2",
		"https://swapi.info/api/films/3",
		"https://swapi.info/api/films/4",
		"https://swapi.info/api/films/5",
		"https://swapi.info/api/films/6"
	],
	"species": [],
	"vehicles": ["https://swapi.info/api/vehicles/38"],
	"starships": [
		"https://swapi.info/api/starships/48",
		"https://swapi.info/api/starships/59",
		"https://swapi.info/api/starships/64",
		"https://swapi.info/api/starships/65",
		"https://swapi.info/api/starships/74"
	],
	"created": "2014-12-10T16:16:29.192000Z",
	"edited": "2014-12-20T21:17:50.325000Z",
	"url": "https://swapi.info/api/people/10"
}

Response headers: {'Date': 'Sun, 20 Sep 2026 12:38:25 GMT', 'Content-Type': 'application/json', 'Content-Length': '892', 'Connection': 'keep-alive', 'Accept-Ranges': 'bytes', 'access-control-allow-headers': 'Content-Type', 'access-control-allow-methods': 'GET, OPTIONS', 'access-control-allow-origin': '*', 'Age': '56660', 'Cache-Control': 'public, max-age=0, must-revalidate, no-store', 'cache-status': '"Netlify Edge"; fwd=miss; fwd-status=200; stored', 'etag': '"73d3caa3853a292419a88877d000f8b7-ssl"', 'Server': 'cloudflare', 'strict-transport-security': 'max-age=31536000', 'x-nf-request-id': '01M2XQ56BDJAS5YFM23FYWGV84', 'cf-cache-status': 'HIT', 'Report-To': '{"group":"cf-nel","max_age":604800,"endpoints":[{"url":"https://a.nel.cloudflare.com/report/v4?s=qLv8oznx0EjLpkeHaOi5SxhQsddSLgS01c0DVB1Vmenp6ADXgh6lV2S7ossob45aqRhHowp%2Br4fXju3FXzxVTXe2ygD46sl2yDblDSMXOapwlg01fmGd%2Fw0on%2BS8eEIIo0ew3%2BuXOLWV"}]}', 'Nel': '{"report_to":"cf-nel","success_fraction":0.0,"max_age":604800}', 'CF-RAY': 'a3e0e3191adad0c5-AMS', 'alt-svc': 'h3=":443"; ma=86400'}
Response cookies: {}

-----

-----
Test: tests/test_get_characters_from_films.py::TestCharacterFilms::test_get_characters_from_films (call)
Time: 2026-09-20 15:38:26.215996
Request method: GET
Request URL: https://swapi.info/api/people/13

Response code: 200
Response text: {
	"name": "Chewbacca",
	"height": "228",
	"mass": "112",
	"hair_color": "brown",
	"skin_color": "unknown",
	"eye_color": "blue",
	"birth_year": "200BBY",
	"gender": "male",
	"homeworld": "https://swapi.info/api/planets/14",
	"films": [
		"https://swapi.info/api/films/1",
		"https://swapi.info/api/films/2",
		"https://swapi.info/api/films/3",
		"https://swapi.info/api/films/6"
	],
	"species": ["https://swapi.info/api/species/3"],
	"vehicles": ["https://swapi.info/api/vehicles/19"],
	"starships": [
		"https://swapi.info/api/starships/10",
		"https://swapi.info/api/starships/22"
	],
	"created": "2014-12-10T16:42:45.066000Z",
	"edited": "2014-12-20T21:17:50.332000Z",
	"url": "https://swapi.info/api/people/13"
}

Response headers: {'Date': 'Sun, 20 Sep 2026 12:38:25 GMT', 'Content-Type': 'application/json', 'Content-Length': '718', 'Connection': 'keep-alive', 'Accept-Ranges': 'bytes', 'access-control-allow-headers': 'Content-Type', 'access-control-allow-methods': 'GET, OPTIONS', 'access-control-allow-origin': '*', 'Cache-Control': 'public, max-age=0, must-revalidate, no-store', 'cache-status': '"Netlify Edge"; fwd=miss; fwd-status=200; stored', 'etag': '"008f2dbae9752541cd116a94ca2fbe07-ssl"', 'Server': 'cloudflare', 'strict-transport-security': 'max-age=31536000', 'x-nf-request-id': '01M2Z6A6MRE08XS130C5PQHG7X', 'Nel': '{"report_to":"cf-nel","success_fraction":0.0,"max_age":604800}', 'Age': '7213', 'cf-cache-status': 'HIT', 'Report-To': '{"group":"cf-nel","max_age":604800,"endpoints":[{"url":"https://a.nel.cloudflare.com/report/v4?s=AHI1E8gb0kFkvq6hiJZ7O73wxXFIxTXWRkcMGhzBsqBtg631Foi5pxDvuO6g3ZctNNjRQDs8JgXyN6gMsE6ki4QNPilMGDajt34QBnHeF6oz4lBCo2UWZ5iBJhL2%2FY6%2BvCIHIf%2FLnHx0"}]}', 'CF-RAY': 'a3e0e31befb4ef15-LHR', 'alt-svc': 'h3=":443"; ma=86400'}
Response cookies: {}

-----

-----
Test: tests/test_get_characters_from_films.py::TestCharacterFilms::test_get_characters_from_films (call)
Time: 2026-09-20 15:38:26.651799
Request method: GET
Request URL: https://swapi.info/api/people/14

Response code: 200
Response text: {
	"name": "Han Solo",
	"height": "180",
	"mass": "80",
	"hair_color": "brown",
	"skin_color": "fair",
	"eye_color": "brown",
	"birth_year": "29BBY",
	"gender": "male",
	"homeworld": "https://swapi.info/api/planets/22",
	"films": [
		"https://swapi.info/api/films/1",
		"https://swapi.info/api/films/2",
		"https://swapi.info/api/films/3"
	],
	"species": [],
	"vehicles": [],
	"starships": [
		"https://swapi.info/api/starships/10",
		"https://swapi.info/api/starships/22"
	],
	"created": "2014-12-10T16:49:14.582000Z",
	"edited": "2014-12-20T21:17:50.334000Z",
	"url": "https://swapi.info/api/people/14"
}

Response headers: {'Date': 'Sun, 20 Sep 2026 12:38:26 GMT', 'Content-Type': 'application/json', 'Content-Length': '607', 'Connection': 'keep-alive', 'Accept-Ranges': 'bytes', 'access-control-allow-headers': 'Content-Type', 'access-control-allow-methods': 'GET, OPTIONS', 'access-control-allow-origin': '*', 'Cache-Control': 'public, max-age=0, must-revalidate, no-store', 'cache-status': '"Netlify Edge"; fwd=miss; fwd-status=200; stored', 'etag': '"da1f1941fc33bbf5058536f4d6cc6fb9-ssl"', 'Server': 'cloudflare', 'strict-transport-security': 'max-age=31536000', 'x-nf-request-id': '01M2R4FP2A08F8DM35S85XS8F2', 'Nel': '{"report_to":"cf-nel","success_fraction":0.0,"max_age":604800}', 'Age': '244012', 'cf-cache-status': 'HIT', 'Report-To': '{"group":"cf-nel","max_age":604800,"endpoints":[{"url":"https://a.nel.cloudflare.com/report/v4?s=yAadO2E%2FTdXdhji%2BTjJ%2FZY6oz%2BaJKPFu3b1gP8IbGiW4LR1bymZdlFv0PE8%2F%2FDHM49d0Ad0Qo%2FHBU3M8mxvWcenzeR%2FuxzBXZMtjCwCzzI3GdvT0KP00eHj5zY3M29b8yHO6rJF9XTX4"}]}', 'CF-RAY': 'a3e0e31e8eb86561-AMS', 'alt-svc': 'h3=":443"; ma=86400'}
Response cookies: {}

-----

-----
Test: tests/test_get_characters_from_films.py::TestCharacterFilms::test_get_characters_from_films (call)
Time: 2026-09-20 15:38:27.081000
Request method: GET
Request URL: https://swapi.info/api/people/18

Response code: 200
Response text: {
	"name": "Wedge Antilles",
	"height": "170",
	"mass": "77",
	"hair_color": "brown",
	"skin_color": "fair",
	"eye_color": "hazel",
	"birth_year": "21BBY",
	"gender": "male",
	"homeworld": "https://swapi.info/api/planets/22",
	"films": [
		"https://swapi.info/api/films/1",
		"https://swapi.info/api/films/2",
		"https://swapi.info/api/films/3"
	],
	"species": [],
	"vehicles": ["https://swapi.info/api/vehicles/14"],
	"starships": ["https://swapi.info/api/starships/12"],
	"created": "2014-12-12T11:08:06.469000Z",
	"edited": "2014-12-20T21:17:50.341000Z",
	"url": "https://swapi.info/api/people/18"
}

Response headers: {'Date': 'Sun, 20 Sep 2026 12:38:26 GMT', 'Content-Type': 'application/json', 'Content-Length': '603', 'Connection': 'keep-alive', 'Accept-Ranges': 'bytes', 'access-control-allow-headers': 'Content-Type', 'access-control-allow-methods': 'GET, OPTIONS', 'access-control-allow-origin': '*', 'Cache-Control': 'public, max-age=0, must-revalidate, no-store', 'cache-status': '"Netlify Edge"; fwd=miss; fwd-status=200; stored', 'etag': '"6399cc9cdde08a57636eed4e2d0d8dde-ssl"', 'Server': 'cloudflare', 'strict-transport-security': 'max-age=31536000', 'x-nf-request-id': '01M2R4FP3PPGNTGBXVKQ4ZFK98', 'Nel': '{"report_to":"cf-nel","success_fraction":0.0,"max_age":604800}', 'Age': '244012', 'cf-cache-status': 'HIT', 'Report-To': '{"group":"cf-nel","max_age":604800,"endpoints":[{"url":"https://a.nel.cloudflare.com/report/v4?s=guc80JsOrNWvnnLEP%2FeMWFuesHLIrw2ryKETurq3zPlkbGVdLgNLg30qjIZQsatV%2FKDW%2FyTxWgsgzKU%2F3F0000%2BxBrtY7jjrpiqrbFTz73mcKq0B9oqi8GsmFYqqLARs6PhXny5xSpui"}]}', 'CF-RAY': 'a3e0e32139bc775e-AMS', 'alt-svc': 'h3=":443"; ma=86400'}
Response cookies: {}

-----

-----
Test: tests/test_get_characters_from_films.py::TestCharacterFilms::test_get_characters_from_films (call)
Time: 2026-09-20 15:38:27.504333
Request method: GET
Request URL: https://swapi.info/api/people/20

Response code: 200
Response text: {
	"name": "Yoda",
	"height": "66",
	"mass": "17",
	"hair_color": "white",
	"skin_color": "green",
	"eye_color": "brown",
	"birth_year": "896BBY",
	"gender": "male",
	"homeworld": "https://swapi.info/api/planets/28",
	"films": [
		"https://swapi.info/api/films/2",
		"https://swapi.info/api/films/3",
		"https://swapi.info/api/films/4",
		"https://swapi.info/api/films/5",
		"https://swapi.info/api/films/6"
	],
	"species": ["https://swapi.info/api/species/6"],
	"vehicles": [],
	"starships": [],
	"created": "2014-12-15T12:26:01.042000Z",
	"edited": "2014-12-20T21:17:50.345000Z",
	"url": "https://swapi.info/api/people/20"
}

Response headers: {'Date': 'Sun, 20 Sep 2026 12:38:27 GMT', 'Content-Type': 'application/json', 'Content-Length': '627', 'Connection': 'keep-alive', 'Accept-Ranges': 'bytes', 'access-control-allow-headers': 'Content-Type', 'access-control-allow-methods': 'GET, OPTIONS', 'access-control-allow-origin': '*', 'Age': '7205', 'Cache-Control': 'public, max-age=0, must-revalidate, no-store', 'cache-status': '"Netlify Edge"; fwd=miss; fwd-status=200; stored', 'etag': '"6bc54b1da8194a58d02635f3d8a93903-ssl"', 'Server': 'cloudflare', 'strict-transport-security': 'max-age=31536000', 'x-nf-request-id': '01M2Z6AF9ERY8CYYYS3ZTAWWYM', 'cf-cache-status': 'HIT', 'Report-To': '{"group":"cf-nel","max_age":604800,"endpoints":[{"url":"https://a.nel.cloudflare.com/report/v4?s=5fv%2F9Sh1j49E7MTaZHyMqN7sAadSpQZQkP6es%2BFAUcBPTvxJyez2qqP2aBWxg46nhhoCxV2gE3dHdEiRHeHRE2HRY%2FT7OqCKrbRu8hilK6A%2BnMK4rRJD7%2BIKX3KoG0cb%2BhS3DCvd%2F3J5"}]}', 'Nel': '{"report_to":"cf-nel","success_fraction":0.0,"max_age":604800}', 'CF-RAY': 'a3e0e323dcf8a413-AMS', 'alt-svc': 'h3=":443"; ma=86400'}
Response cookies: {}

-----

-----
Test: tests/test_get_characters_from_films.py::TestCharacterFilms::test_get_characters_from_films (call)
Time: 2026-09-20 15:38:27.911339
Request method: GET
Request URL: https://swapi.info/api/people/21

Response code: 200
Response text: {
	"name": "Palpatine",
	"height": "170",
	"mass": "75",
	"hair_color": "grey",
	"skin_color": "pale",
	"eye_color": "yellow",
	"birth_year": "82BBY",
	"gender": "male",
	"homeworld": "https://swapi.info/api/planets/8",
	"films": [
		"https://swapi.info/api/films/2",
		"https://swapi.info/api/films/3",
		"https://swapi.info/api/films/4",
		"https://swapi.info/api/films/5",
		"https://swapi.info/api/films/6"
	],
	"species": [],
	"vehicles": [],
	"starships": [],
	"created": "2014-12-15T12:48:05.971000Z",
	"edited": "2014-12-20T21:17:50.347000Z",
	"url": "https://swapi.info/api/people/21"
}

Response headers: {'Date': 'Sun, 20 Sep 2026 12:38:27 GMT', 'Content-Type': 'application/json', 'Content-Length': '596', 'Connection': 'keep-alive', 'Accept-Ranges': 'bytes', 'access-control-allow-headers': 'Content-Type', 'access-control-allow-methods': 'GET, OPTIONS', 'access-control-allow-origin': '*', 'Cache-Control': 'public, max-age=0, must-revalidate, no-store', 'cache-status': '"Netlify Edge"; fwd=miss; fwd-status=200; stored', 'etag': '"74a0ebeef92f4d0a32186e4bd9aa63ca-ssl"', 'Server': 'cloudflare', 'strict-transport-security': 'max-age=31536000', 'x-nf-request-id': '01M2Z6AG091N3SESWEWFN64WAZ', 'Nel': '{"report_to":"cf-nel","success_fraction":0.0,"max_age":604800}', 'Age': '7205', 'cf-cache-status': 'HIT', 'Report-To': '{"group":"cf-nel","max_age":604800,"endpoints":[{"url":"https://a.nel.cloudflare.com/report/v4?s=mhb92J%2F%2BpNHkWawZpGU%2FQlTTpD%2B0nT36vn3IHoRYKhjIDcEGmJOVVa%2FLdRaTynbaYvfqS6XM4XhQtbKXyL2cdpI9i%2BYhguG6lhxDI7lUnZ6Lamcc%2BV8pl%2BoSlSWF1hkePC7ibSzDXA1Q"}]}', 'CF-RAY': 'a3e0e32699c1532c-LHR', 'alt-svc': 'h3=":443"; ma=86400'}
Response cookies: {}

-----

-----
Test: tests/test_get_characters_from_films.py::TestCharacterFilms::test_get_characters_from_films (call)
Time: 2026-09-20 15:38:28.374813
Request method: GET
Request URL: https://swapi.info/api/people/22

Response code: 200
Response text: {
	"name": "Boba Fett",
	"height": "183",
	"mass": "78.2",
	"hair_color": "black",
	"skin_color": "fair",
	"eye_color": "brown",
	"birth_year": "31.5BBY",
	"gender": "male",
	"homeworld": "https://swapi.info/api/planets/10",
	"films": [
		"https://swapi.info/api/films/2",
		"https://swapi.info/api/films/3",
		"https://swapi.info/api/films/5"
	],
	"species": [],
	"vehicles": [],
	"starships": ["https://swapi.info/api/starships/21"],
	"created": "2014-12-15T12:49:32.457000Z",
	"edited": "2014-12-20T21:17:50.349000Z",
	"url": "https://swapi.info/api/people/22"
}

Response headers: {'Date': 'Sun, 20 Sep 2026 12:38:28 GMT', 'Content-Type': 'application/json', 'Content-Length': '566', 'Connection': 'keep-alive', 'Accept-Ranges': 'bytes', 'access-control-allow-headers': 'Content-Type', 'access-control-allow-methods': 'GET, OPTIONS', 'access-control-allow-origin': '*', 'Cache-Control': 'public, max-age=0, must-revalidate, no-store', 'cache-status': '"Netlify Edge"; fwd=miss; fwd-status=200; stored', 'etag': '"893ca95ad315476c7334613fecc140a9-ssl"', 'Server': 'cloudflare', 'strict-transport-security': 'max-age=31536000', 'x-nf-request-id': '01M2Z6AGT8MEEGGAVAVKYKSQ2M', 'Nel': '{"report_to":"cf-nel","success_fraction":0.0,"max_age":604800}', 'Age': '7205', 'cf-cache-status': 'HIT', 'Report-To': '{"group":"cf-nel","max_age":604800,"endpoints":[{"url":"https://a.nel.cloudflare.com/report/v4?s=IyN%2Fa5yFeWm9FWDB4s0onw4eN5gBjSwB7sM8QsQWEKPxH1Rp3kSpSGZSdKSy92Q%2FGGCQU3QS1zjlCMagVP3twf2vX%2BMG%2Fq%2FCc5x7axXsgAqnYYdqYyNntK6zkG4yd2cy0h7eueJnObhK"}]}', 'CF-RAY': 'a3e0e3296a021c86-AMS', 'alt-svc': 'h3=":443"; ma=86400'}
Response cookies: {}

-----

-----
Test: tests/test_get_characters_from_films.py::TestCharacterFilms::test_get_characters_from_films (call)
Time: 2026-09-20 15:38:28.880371
Request method: GET
Request URL: https://swapi.info/api/people/23

Response code: 200
Response text: {
	"name": "IG-88",
	"height": "200",
	"mass": "140",
	"hair_color": "none",
	"skin_color": "metal",
	"eye_color": "red",
	"birth_year": "15BBY",
	"gender": "none",
	"homeworld": "https://swapi.info/api/planets/28",
	"films": ["https://swapi.info/api/films/2"],
	"species": ["https://swapi.info/api/species/2"],
	"vehicles": [],
	"starships": [],
	"created": "2014-12-15T12:51:10.076000Z",
	"edited": "2014-12-20T21:17:50.351000Z",
	"url": "https://swapi.info/api/people/23"
}

Response headers: {'Date': 'Sun, 20 Sep 2026 12:38:28 GMT', 'Content-Type': 'application/json', 'Content-Length': '477', 'Connection': 'keep-alive', 'Accept-Ranges': 'bytes', 'access-control-allow-headers': 'Content-Type', 'access-control-allow-methods': 'GET, OPTIONS', 'access-control-allow-origin': '*', 'Cache-Control': 'public, max-age=0, must-revalidate, no-store', 'cache-status': '"Netlify Edge"; fwd=miss; fwd-status=200; stored', 'etag': '"c914c91edb3dd718c8f987c93d93c539-ssl"', 'Server': 'cloudflare', 'strict-transport-security': 'max-age=31536000', 'x-nf-request-id': '01M2Z6AHH1BW26512D7KCP9S96', 'Nel': '{"report_to":"cf-nel","success_fraction":0.0,"max_age":604800}', 'Age': '7205', 'cf-cache-status': 'HIT', 'Report-To': '{"group":"cf-nel","max_age":604800,"endpoints":[{"url":"https://a.nel.cloudflare.com/report/v4?s=gIzetIaoK1MvWGSLtQN%2FSJoMn9F3gg%2BCfTP66etnBZCWw1mE%2BdNUCasC%2FzpzTU5S8O3j9tIW01luRH6e0f%2F7i%2FWeNuJx%2BhXyWy7WwpqDmYNjfMGSHl84wrF7GGeZ%2FncCVxP4eQygQC5W"}]}', 'CF-RAY': 'a3e0e32c6cb1eeda-AMS', 'alt-svc': 'h3=":443"; ma=86400'}
Response cookies: {}

-----

-----
Test: tests/test_get_characters_from_films.py::TestCharacterFilms::test_get_characters_from_films (call)
Time: 2026-09-20 15:38:29.287969
Request method: GET
Request URL: https://swapi.info/api/people/24

Response code: 200
Response text: {
	"name": "Bossk",
	"height": "190",
	"mass": "113",
	"hair_color": "none",
	"skin_color": "green",
	"eye_color": "red",
	"birth_year": "53BBY",
	"gender": "male",
	"homeworld": "https://swapi.info/api/planets/29",
	"films": ["https://swapi.info/api/films/2"],
	"species": ["https://swapi.info/api/species/7"],
	"vehicles": [],
	"starships": [],
	"created": "2014-12-15T12:53:49.297000Z",
	"edited": "2014-12-20T21:17:50.355000Z",
	"url": "https://swapi.info/api/people/24"
}

Response headers: {'Date': 'Sun, 20 Sep 2026 12:38:28 GMT', 'Content-Type': 'application/json', 'Content-Length': '477', 'Connection': 'keep-alive', 'Accept-Ranges': 'bytes', 'access-control-allow-headers': 'Content-Type', 'access-control-allow-methods': 'GET, OPTIONS', 'access-control-allow-origin': '*', 'Age': '7204', 'Cache-Control': 'public, max-age=0, must-revalidate, no-store', 'cache-status': '"Netlify Edge"; fwd=miss; fwd-status=200; stored', 'etag': '"590284419e53e61b0d3e45f9418fa1ab-ssl"', 'Server': 'cloudflare', 'strict-transport-security': 'max-age=31536000', 'x-nf-request-id': '01M2Z6AJ5ANY0Y18W30H16ARN7', 'cf-cache-status': 'HIT', 'Report-To': '{"group":"cf-nel","max_age":604800,"endpoints":[{"url":"https://a.nel.cloudflare.com/report/v4?s=l1h1pUb3xuh2YxcXNYfozCdQr%2BQNdl5zFJjKwuBPOy53oDpBahgbKZsSlGUoVV1IyczegEtJpP%2F5u4PNK4gYYmFN2%2FmOGp9Purgr8lPPTDPeJwbAkX1Jk2TVtbuXbj4MtgiJlgh6v43j"}]}', 'Nel': '{"report_to":"cf-nel","success_fraction":0.0,"max_age":604800}', 'CF-RAY': 'a3e0e32f0c189a38-AMS', 'alt-svc': 'h3=":443"; ma=86400'}
Response cookies: {}

-----

-----
Test: tests/test_get_characters_from_films.py::TestCharacterFilms::test_get_characters_from_films (call)
Time: 2026-09-20 15:38:29.709717
Request method: GET
Request URL: https://swapi.info/api/people/25

Response code: 200
Response text: {
	"name": "Lando Calrissian",
	"height": "177",
	"mass": "79",
	"hair_color": "black",
	"skin_color": "dark",
	"eye_color": "brown",
	"birth_year": "31BBY",
	"gender": "male",
	"homeworld": "https://swapi.info/api/planets/30",
	"films": ["https://swapi.info/api/films/2", "https://swapi.info/api/films/3"],
	"species": [],
	"vehicles": [],
	"starships": ["https://swapi.info/api/starships/10"],
	"created": "2014-12-15T12:56:32.683000Z",
	"edited": "2014-12-20T21:17:50.357000Z",
	"url": "https://swapi.info/api/people/25"
}

Response headers: {'Date': 'Sun, 20 Sep 2026 12:38:29 GMT', 'Content-Type': 'application/json', 'Content-Length': '526', 'Connection': 'keep-alive', 'Accept-Ranges': 'bytes', 'access-control-allow-headers': 'Content-Type', 'access-control-allow-methods': 'GET, OPTIONS', 'access-control-allow-origin': '*', 'Cache-Control': 'public, max-age=0, must-revalidate, no-store', 'cache-status': '"Netlify Edge"; fwd=miss; fwd-status=200; stored', 'etag': '"4ecdd185ab417102a6317efa28582c36-ssl"', 'Server': 'cloudflare', 'strict-transport-security': 'max-age=31536000', 'x-nf-request-id': '01M2Z6AJVPZ8H5B8R8D32F06TQ', 'Nel': '{"report_to":"cf-nel","success_fraction":0.0,"max_age":604800}', 'Age': '7204', 'cf-cache-status': 'HIT', 'Report-To': '{"group":"cf-nel","max_age":604800,"endpoints":[{"url":"https://a.nel.cloudflare.com/report/v4?s=H48OKvGYz8%2F8fvvYbts0rBjkVJhol8C%2F7Sb9CSiI%2F7gDc4iwtdd1rkZup6d%2FGviTN3dx6m88bfypu6bXg8WGtWfWDnXMg5DBtC2UN%2BXuljMbYdryWn6kUk%2FT5ScwxEYU719h22C%2FOadA"}]}', 'CF-RAY': 'a3e0e331a885d596-AMS', 'alt-svc': 'h3=":443"; ma=86400'}
Response cookies: {}

-----

-----
Test: tests/test_get_characters_from_films.py::TestCharacterFilms::test_get_characters_from_films (call)
Time: 2026-09-20 15:38:30.126485
Request method: GET
Request URL: https://swapi.info/api/people/26

Response code: 200
Response text: {
	"name": "Lobot",
	"height": "175",
	"mass": "79",
	"hair_color": "none",
	"skin_color": "light",
	"eye_color": "blue",
	"birth_year": "37BBY",
	"gender": "male",
	"homeworld": "https://swapi.info/api/planets/6",
	"films": ["https://swapi.info/api/films/2"],
	"species": [],
	"vehicles": [],
	"starships": [],
	"created": "2014-12-15T13:01:57.178000Z",
	"edited": "2014-12-20T21:17:50.359000Z",
	"url": "https://swapi.info/api/people/26"
}

Response headers: {'Date': 'Sun, 20 Sep 2026 12:38:29 GMT', 'Content-Type': 'application/json', 'Content-Length': '442', 'Connection': 'keep-alive', 'Accept-Ranges': 'bytes', 'access-control-allow-headers': 'Content-Type', 'access-control-allow-methods': 'GET, OPTIONS', 'access-control-allow-origin': '*', 'Age': '7204', 'Cache-Control': 'public, max-age=0, must-revalidate, no-store', 'cache-status': '"Netlify Edge"; fwd=miss; fwd-status=200; stored', 'etag': '"67df0a6c56d20bfeca8da95367c47fc1-ssl"', 'Server': 'cloudflare', 'strict-transport-security': 'max-age=31536000', 'x-nf-request-id': '01M2Z6AKN0AX2APAC2CGS0HWS3', 'cf-cache-status': 'HIT', 'Report-To': '{"group":"cf-nel","max_age":604800,"endpoints":[{"url":"https://a.nel.cloudflare.com/report/v4?s=znApK7x7oyB3J3yMwLAZHIYbHHsBp3cygFoHm5EaX3S02stH90NuY6C4%2FTrNLsNKljN0v4kwMadD1ZLUvx%2FXzlEGNdbE2tvB97UQeIfAkdursIHS9SxzROY8bkmPir45rtxKTYNUvj4q"}]}', 'Nel': '{"report_to":"cf-nel","success_fraction":0.0,"max_age":604800}', 'CF-RAY': 'a3e0e3343a3dc886-AMS', 'alt-svc': 'h3=":443"; ma=86400'}
Response cookies: {}

-----

-----
Test: tests/test_get_characters_from_films.py::TestCharacterFilms::test_get_characters_from_films (call)
Time: 2026-09-20 15:38:30.541435
Request method: GET
Request URL: https://swapi.info/api/films/3

Response code: 200
Response text: {
	"title": "Return of the Jedi",
	"episode_id": 6,
	"opening_crawl": "Luke Skywalker has returned to\r\nhis home planet of Tatooine in\r\nan attempt to rescue his\r\nfriend Han Solo from the\r\nclutches of the vile gangster\r\nJabba the Hutt.\r\n\r\nLittle does Luke know that the\r\nGALACTIC EMPIRE has secretly\r\nbegun construction on a new\r\narmored space station even\r\nmore powerful than the first\r\ndreaded Death Star.\r\n\r\nWhen completed, this ultimate\r\nweapon will spell certain doom\r\nfor the small band of rebels\r\nstruggling to restore freedom\r\nto the galaxy...",
	"director": "Richard Marquand",
	"producer": "Howard G. Kazanjian, George Lucas, Rick McCallum",
	"release_date": "1983-05-25",
	"characters": [
		"https://swapi.info/api/people/1",
		"https://swapi.info/api/people/2",
		"https://swapi.info/api/people/3",
		"https://swapi.info/api/people/4",
		"https://swapi.info/api/people/5",
		"https://swapi.info/api/people/10",
		"https://swapi.info/api/people/13",
		"https://swapi.info/api/people/14",
		"https://swapi.info/api/people/16",
		"https://swapi.info/api/people/18",
		"https://swapi.info/api/people/20",
		"https://swapi.info/api/people/21",
		"https://swapi.info/api/people/22",
		"https://swapi.info/api/people/25",
		"https://swapi.info/api/people/27",
		"https://swapi.info/api/people/28",
		"https://swapi.info/api/people/29",
		"https://swapi.info/api/people/30",
		"https://swapi.info/api/people/31",
		"https://swapi.info/api/people/45"
	],
	"planets": [
		"https://swapi.info/api/planets/1",
		"https://swapi.info/api/planets/5",
		"https://swapi.info/api/planets/7",
		"https://swapi.info/api/planets/8",
		"https://swapi.info/api/planets/9"
	],
	"starships": [
		"https://swapi.info/api/starships/2",
		"https://swapi.info/api/starships/3",
		"https://swapi.info/api/starships/10",
		"https://swapi.info/api/starships/11",
		"https://swapi.info/api/starships/12",
		"https://swapi.info/api/starships/15",
		"https://swapi.info/api/starships/17",
		"https://swapi.info/api/starships/22",
		"https://swapi.info/api/starships/23",
		"https://swapi.info/api/starships/27",
		"https://swapi.info/api/starships/28",
		"https://swapi.info/api/starships/29"
	],
	"vehicles": [
		"https://swapi.info/api/vehicles/8",
		"https://swapi.info/api/vehicles/16",
		"https://swapi.info/api/vehicles/18",
		"https://swapi.info/api/vehicles/19",
		"https://swapi.info/api/vehicles/24",
		"https://swapi.info/api/vehicles/25",
		"https://swapi.info/api/vehicles/26",
		"https://swapi.info/api/vehicles/30"
	],
	"species": [
		"https://swapi.info/api/species/1",
		"https://swapi.info/api/species/2",
		"https://swapi.info/api/species/3",
		"https://swapi.info/api/species/5",
		"https://swapi.info/api/species/6",
		"https://swapi.info/api/species/8",
		"https://swapi.info/api/species/9",
		"https://swapi.info/api/species/10",
		"https://swapi.info/api/species/15"
	],
	"created": "2014-12-18T10:39:33.255000Z",
	"edited": "2014-12-20T09:48:37.462000Z",
	"url": "https://swapi.info/api/films/3"
}

Response headers: {'Date': 'Sun, 20 Sep 2026 12:38:30 GMT', 'Content-Type': 'application/json', 'Content-Length': '825', 'Connection': 'keep-alive', 'Accept-Ranges': 'bytes', 'access-control-allow-headers': 'Content-Type', 'access-control-allow-methods': 'GET, OPTIONS', 'access-control-allow-origin': '*', 'Cache-Control': 'public, max-age=0, must-revalidate, no-store', 'cache-status': '"Netlify Edge"; fwd=miss; fwd-status=200; stored', 'Content-Encoding': 'gzip', 'etag': '"5baeb95967644fc0c5f84886d1352c94-ssl-df"', 'Server': 'cloudflare', 'strict-transport-security': 'max-age=31536000', 'vary': 'Accept-Encoding', 'x-nf-request-id': '01M2NHQ73MY801Q1C8BYB3EY5X', 'Nel': '{"report_to":"cf-nel","success_fraction":0.0,"max_age":604800}', 'Age': '330801', 'cf-cache-status': 'HIT', 'Report-To': '{"group":"cf-nel","max_age":604800,"endpoints":[{"url":"https://a.nel.cloudflare.com/report/v4?s=thKbl4XcqOQpTloMNVdlcVs%2FRWETMzp8Gk6g9EHSHy%2BYQ3qyJXJUwLKzAfNI9Vq7f8BCIyeFhgbhymoNFqR1YYkeG4dFvkXB7OXj8IjWbv5R7hyOhIRcNi4i2AnNyH9FXPFg49RP%2FuSa"}]}', 'CF-RAY': 'a3e0e3370b0c385b-LHR', 'alt-svc': 'h3=":443"; ma=86400'}
Response cookies: {}

-----

-----
Test: tests/test_get_characters_from_films.py::TestCharacterFilms::test_get_characters_from_films (call)
Time: 2026-09-20 15:38:31.028882
Request method: GET
Request URL: https://swapi.info/api/people/1

Response code: 200
Response text: {
	"name": "Luke Skywalker",
	"height": "172",
	"mass": "77",
	"hair_color": "blond",
	"skin_color": "fair",
	"eye_color": "blue",
	"birth_year": "19BBY",
	"gender": "male",
	"homeworld": "https://swapi.info/api/planets/1",
	"films": [
		"https://swapi.info/api/films/1",
		"https://swapi.info/api/films/2",
		"https://swapi.info/api/films/3",
		"https://swapi.info/api/films/6"
	],
	"species": [],
	"vehicles": [
		"https://swapi.info/api/vehicles/14",
		"https://swapi.info/api/vehicles/30"
	],
	"starships": [
		"https://swapi.info/api/starships/12",
		"https://swapi.info/api/starships/22"
	],
	"created": "2014-12-09T13:50:51.644000Z",
	"edited": "2014-12-20T21:17:56.891000Z",
	"url": "https://swapi.info/api/people/1"
}

Response headers: {'Date': 'Sun, 20 Sep 2026 12:38:30 GMT', 'Content-Type': 'application/json', 'Content-Length': '727', 'Connection': 'keep-alive', 'Accept-Ranges': 'bytes', 'access-control-allow-headers': 'Content-Type', 'access-control-allow-methods': 'GET, OPTIONS', 'access-control-allow-origin': '*', 'Cache-Control': 'public, max-age=0, must-revalidate, no-store', 'cache-status': '"Netlify Edge"; fwd=miss; fwd-status=200; stored', 'etag': '"f91d80535d2a2a0949ba6bd161399a64-ssl"', 'Server': 'cloudflare', 'strict-transport-security': 'max-age=31536000', 'x-nf-request-id': '01M1XKQG8385A1A7MMB58S1ZTB', 'Nel': '{"report_to":"cf-nel","success_fraction":0.0,"max_age":604800}', 'Age': '1134001', 'cf-cache-status': 'HIT', 'Report-To': '{"group":"cf-nel","max_age":604800,"endpoints":[{"url":"https://a.nel.cloudflare.com/report/v4?s=cFmR26lYDyXqkC4C5QOi45AahDG%2F4u4RD87tHhOXC7wpMrmKzDfVl7X3fvQ7OD7CiuIjZxu4jHQOk%2BTpqNhqlh7YYnuL9kJXwUlnPo8f%2BrohlUfje1XCmzlqlL5h1lXvCS%2FO%2F0UllxRR"}]}', 'CF-RAY': 'a3e0e33a399063b8-LHR', 'alt-svc': 'h3=":443"; ma=86400'}
Response cookies: {}

-----

-----
Test: tests/test_get_characters_from_films.py::TestCharacterFilms::test_get_characters_from_films (call)
Time: 2026-09-20 15:38:31.510492
Request method: GET
Request URL: https://swapi.info/api/people/2

Response code: 200
Response text: {
	"name": "C-3PO",
	"height": "167",
	"mass": "75",
	"hair_color": "n/a",
	"skin_color": "gold",
	"eye_color": "yellow",
	"birth_year": "112BBY",
	"gender": "n/a",
	"homeworld": "https://swapi.info/api/planets/1",
	"films": [
		"https://swapi.info/api/films/1",
		"https://swapi.info/api/films/2",
		"https://swapi.info/api/films/3",
		"https://swapi.info/api/films/4",
		"https://swapi.info/api/films/5",
		"https://swapi.info/api/films/6"
	],
	"species": ["https://swapi.info/api/species/2"],
	"vehicles": [],
	"starships": [],
	"created": "2014-12-10T15:10:51.357000Z",
	"edited": "2014-12-20T21:17:50.309000Z",
	"url": "https://swapi.info/api/people/2"
}

Response headers: {'Date': 'Sun, 20 Sep 2026 12:38:31 GMT', 'Content-Type': 'application/json', 'Content-Length': '660', 'Connection': 'keep-alive', 'Accept-Ranges': 'bytes', 'access-control-allow-headers': 'Content-Type', 'access-control-allow-methods': 'GET, OPTIONS', 'access-control-allow-origin': '*', 'Cache-Control': 'public, max-age=0, must-revalidate, no-store', 'cache-status': '"Netlify Edge"; fwd=miss; fwd-status=200; stored', 'etag': '"e0663a737493ddc063d4dca98f26f8d1-ssl"', 'Server': 'cloudflare', 'strict-transport-security': 'max-age=31536000', 'x-nf-request-id': '01M2QP2GQQSP3S66D0DZESH3WM', 'Nel': '{"report_to":"cf-nel","success_fraction":0.0,"max_age":604800}', 'Age': '259128', 'cf-cache-status': 'HIT', 'Report-To': '{"group":"cf-nel","max_age":604800,"endpoints":[{"url":"https://a.nel.cloudflare.com/report/v4?s=VpDAcPG9kk%2Bh%2BPE1R7WnlXVmWzUcY4flkqBqNe%2F55OacrqFwfO80mOS6NCXdwcO0%2F0ORxBnBJ0jg9ycBNE7Qu6jRIxj6xuk%2ByxblY8cEHjp7a8mLpUIYlgIg%2BL1Hpb%2Bs0h%2FR4arr7nM3"}]}', 'CF-RAY': 'a3e0e33cfccd6575-AMS', 'alt-svc': 'h3=":443"; ma=86400'}
Response cookies: {}

-----

-----
Test: tests/test_get_characters_from_films.py::TestCharacterFilms::test_get_characters_from_films (call)
Time: 2026-09-20 15:38:31.950721
Request method: GET
Request URL: https://swapi.info/api/people/3

Response code: 200
Response text: {
	"name": "R2-D2",
	"height": "96",
	"mass": "32",
	"hair_color": "n/a",
	"skin_color": "white, blue",
	"eye_color": "red",
	"birth_year": "33BBY",
	"gender": "n/a",
	"homeworld": "https://swapi.info/api/planets/8",
	"films": [
		"https://swapi.info/api/films/1",
		"https://swapi.info/api/films/2",
		"https://swapi.info/api/films/3",
		"https://swapi.info/api/films/4",
		"https://swapi.info/api/films/5",
		"https://swapi.info/api/films/6"
	],
	"species": ["https://swapi.info/api/species/2"],
	"vehicles": [],
	"starships": [],
	"created": "2014-12-10T15:11:50.376000Z",
	"edited": "2014-12-20T21:17:50.311000Z",
	"url": "https://swapi.info/api/people/3"
}

Response headers: {'Date': 'Sun, 20 Sep 2026 12:38:31 GMT', 'Content-Type': 'application/json', 'Content-Length': '662', 'Connection': 'keep-alive', 'Accept-Ranges': 'bytes', 'access-control-allow-headers': 'Content-Type', 'access-control-allow-methods': 'GET, OPTIONS', 'access-control-allow-origin': '*', 'Cache-Control': 'public, max-age=0, must-revalidate, no-store', 'cache-status': '"Netlify Edge"; fwd=miss; fwd-status=200; stored', 'etag': '"ffd4c6fda753bad2d64161f991c84a36-ssl"', 'Server': 'cloudflare', 'strict-transport-security': 'max-age=31536000', 'x-nf-request-id': '01M22N9TWG1RR5FDXX1QCQWAXZ', 'Nel': '{"report_to":"cf-nel","success_fraction":0.0,"max_age":604800}', 'Age': '964581', 'cf-cache-status': 'HIT', 'Report-To': '{"group":"cf-nel","max_age":604800,"endpoints":[{"url":"https://a.nel.cloudflare.com/report/v4?s=ekAMKxLFUhFKm6WQIqEoury0RkPetNw0ru0Syj9i7SoSYKu6%2BuvbV2v5czg82AD0%2BrEuqtMDnu8vVHVGh5nadywwuisQo8UXwHC9xSPuL5Gz%2BXJp2ybCZcoPeKR4LoG0yALF9RkGaYDP"}]}', 'CF-RAY': 'a3e0e33f9d4dfe9f-AMS', 'alt-svc': 'h3=":443"; ma=86400'}
Response cookies: {}

-----

-----
Test: tests/test_get_characters_from_films.py::TestCharacterFilms::test_get_characters_from_films (call)
Time: 2026-09-20 15:38:32.368053
Request method: GET
Request URL: https://swapi.info/api/people/4

Response code: 200
Response text: {
	"name": "Darth Vader",
	"height": "202",
	"mass": "136",
	"hair_color": "none",
	"skin_color": "white",
	"eye_color": "yellow",
	"birth_year": "41.9BBY",
	"gender": "male",
	"homeworld": "https://swapi.info/api/planets/1",
	"films": [
		"https://swapi.info/api/films/1",
		"https://swapi.info/api/films/2",
		"https://swapi.info/api/films/3",
		"https://swapi.info/api/films/6"
	],
	"species": [],
	"vehicles": [],
	"starships": ["https://swapi.info/api/starships/13"],
	"created": "2014-12-10T15:18:20.704000Z",
	"edited": "2014-12-20T21:17:50.313000Z",
	"url": "https://swapi.info/api/people/4"
}

Response headers: {'Date': 'Sun, 20 Sep 2026 12:38:32 GMT', 'Content-Type': 'application/json', 'Content-Length': '602', 'Connection': 'keep-alive', 'Accept-Ranges': 'bytes', 'access-control-allow-headers': 'Content-Type', 'access-control-allow-methods': 'GET, OPTIONS', 'access-control-allow-origin': '*', 'Cache-Control': 'public, max-age=0, must-revalidate, no-store', 'cache-status': '"Netlify Edge"; fwd=miss; fwd-status=200; stored', 'etag': '"bc49380df3862baaed50eedc59309ae0-ssl"', 'Server': 'cloudflare', 'strict-transport-security': 'max-age=31536000', 'x-nf-request-id': '01M2QP2Z2C7A3HFRNQZJY1GMCE', 'Nel': '{"report_to":"cf-nel","success_fraction":0.0,"max_age":604800}', 'Age': '259115', 'cf-cache-status': 'HIT', 'Report-To': '{"group":"cf-nel","max_age":604800,"endpoints":[{"url":"https://a.nel.cloudflare.com/report/v4?s=goXYoCPFdGsIcL%2FUnANTJpcZHjX%2FOHFmDSniFWf2EChFVULFpkJeSYaiHhb%2FYHu51lHTEOXieEGYzGG6sZHlVYtBqdvtUS6vyvB%2FfSNLD3XKS9lPlDVKMG3xW%2FKHx8SQQ3oZJbIDQERB"}]}', 'CF-RAY': 'a3e0e3425e247a96-AMS', 'alt-svc': 'h3=":443"; ma=86400'}
Response cookies: {}

-----

-----
Test: tests/test_get_characters_from_films.py::TestCharacterFilms::test_get_characters_from_films (call)
Time: 2026-09-20 15:38:32.805018
Request method: GET
Request URL: https://swapi.info/api/people/5

Response code: 200
Response text: {
	"name": "Leia Organa",
	"height": "150",
	"mass": "49",
	"hair_color": "brown",
	"skin_color": "light",
	"eye_color": "brown",
	"birth_year": "19BBY",
	"gender": "female",
	"homeworld": "https://swapi.info/api/planets/2",
	"films": [
		"https://swapi.info/api/films/1",
		"https://swapi.info/api/films/2",
		"https://swapi.info/api/films/3",
		"https://swapi.info/api/films/6"
	],
	"species": [],
	"vehicles": ["https://swapi.info/api/vehicles/30"],
	"starships": [],
	"created": "2014-12-10T15:20:09.791000Z",
	"edited": "2014-12-20T21:17:50.315000Z",
	"url": "https://swapi.info/api/people/5"
}

Response headers: {'Date': 'Sun, 20 Sep 2026 12:38:32 GMT', 'Content-Type': 'application/json', 'Content-Length': '600', 'Connection': 'keep-alive', 'Accept-Ranges': 'bytes', 'access-control-allow-headers': 'Content-Type', 'access-control-allow-methods': 'GET, OPTIONS', 'access-control-allow-origin': '*', 'Cache-Control': 'public, max-age=0, must-revalidate, no-store', 'cache-status': '"Netlify Edge"; fwd=miss; fwd-status=200; stored', 'etag': '"5a1cc80c4dec2dc5cff06ba44b4ec063-ssl"', 'Server': 'cloudflare', 'strict-transport-security': 'max-age=31536000', 'x-nf-request-id': '01M2QP6Y3AVC307SQAY41114GX', 'Nel': '{"report_to":"cf-nel","success_fraction":0.0,"max_age":604800}', 'Age': '258985', 'cf-cache-status': 'HIT', 'Report-To': '{"group":"cf-nel","max_age":604800,"endpoints":[{"url":"https://a.nel.cloudflare.com/report/v4?s=nMoR5eJK4FeJg5V5%2FlZbuWpdt22Ec9bj7R2bndTv0SiKzEAy05qHqDvpgDPPZNFJnQUtaBHcozZ6yywzptCbbTPzoZpoTA7ggqnm6EV%2BieqcHETcuL1niLsKS%2B1BCYVSDAiw3GDO%2Bzvy"}]}', 'CF-RAY': 'a3e0e3451d425016-LHR', 'alt-svc': 'h3=":443"; ma=86400'}
Response cookies: {}

-----

-----
Test: tests/test_get_characters_from_films.py::TestCharacterFilms::test_get_characters_from_films (call)
Time: 2026-09-20 15:38:33.249000
Request method: GET
Request URL: https://swapi.info/api/people/10

Response code: 200
Response text: {
	"name": "Obi-Wan Kenobi",
	"height": "182",
	"mass": "77",
	"hair_color": "auburn, white",
	"skin_color": "fair",
	"eye_color": "blue-gray",
	"birth_year": "57BBY",
	"gender": "male",
	"homeworld": "https://swapi.info/api/planets/20",
	"films": [
		"https://swapi.info/api/films/1",
		"https://swapi.info/api/films/2",
		"https://swapi.info/api/films/3",
		"https://swapi.info/api/films/4",
		"https://swapi.info/api/films/5",
		"https://swapi.info/api/films/6"
	],
	"species": [],
	"vehicles": ["https://swapi.info/api/vehicles/38"],
	"starships": [
		"https://swapi.info/api/starships/48",
		"https://swapi.info/api/starships/59",
		"https://swapi.info/api/starships/64",
		"https://swapi.info/api/starships/65",
		"https://swapi.info/api/starships/74"
	],
	"created": "2014-12-10T16:16:29.192000Z",
	"edited": "2014-12-20T21:17:50.325000Z",
	"url": "https://swapi.info/api/people/10"
}

Response headers: {'Date': 'Sun, 20 Sep 2026 12:38:32 GMT', 'Content-Type': 'application/json', 'Content-Length': '892', 'Connection': 'keep-alive', 'Accept-Ranges': 'bytes', 'access-control-allow-headers': 'Content-Type', 'access-control-allow-methods': 'GET, OPTIONS', 'access-control-allow-origin': '*', 'Age': '56667', 'Cache-Control': 'public, max-age=0, must-revalidate, no-store', 'cache-status': '"Netlify Edge"; fwd=miss; fwd-status=200; stored', 'etag': '"73d3caa3853a292419a88877d000f8b7-ssl"', 'Server': 'cloudflare', 'strict-transport-security': 'max-age=31536000', 'x-nf-request-id': '01M2XQ56BDJAS5YFM23FYWGV84', 'cf-cache-status': 'HIT', 'Report-To': '{"group":"cf-nel","max_age":604800,"endpoints":[{"url":"https://a.nel.cloudflare.com/report/v4?s=feKfE5cgZFJfNzG2pJxA6E0MqJ%2F3UZEEOJaafl36stI%2FMRGnoacgiUlg%2FbdalsgfnLbC0dk%2FY5frlq%2FNBRaBEQ1nTo8gvHlP6Luqq3ftDjewOlB%2BzlWgt3NXVBQA91S6F3DgBNw38fvv"}]}', 'Nel': '{"report_to":"cf-nel","success_fraction":0.0,"max_age":604800}', 'CF-RAY': 'a3e0e347b9e39fee-AMS', 'alt-svc': 'h3=":443"; ma=86400'}
Response cookies: {}

-----

-----
Test: tests/test_get_characters_from_films.py::TestCharacterFilms::test_get_characters_from_films (call)
Time: 2026-09-20 15:38:33.667398
Request method: GET
Request URL: https://swapi.info/api/people/13

Response code: 200
Response text: {
	"name": "Chewbacca",
	"height": "228",
	"mass": "112",
	"hair_color": "brown",
	"skin_color": "unknown",
	"eye_color": "blue",
	"birth_year": "200BBY",
	"gender": "male",
	"homeworld": "https://swapi.info/api/planets/14",
	"films": [
		"https://swapi.info/api/films/1",
		"https://swapi.info/api/films/2",
		"https://swapi.info/api/films/3",
		"https://swapi.info/api/films/6"
	],
	"species": ["https://swapi.info/api/species/3"],
	"vehicles": ["https://swapi.info/api/vehicles/19"],
	"starships": [
		"https://swapi.info/api/starships/10",
		"https://swapi.info/api/starships/22"
	],
	"created": "2014-12-10T16:42:45.066000Z",
	"edited": "2014-12-20T21:17:50.332000Z",
	"url": "https://swapi.info/api/people/13"
}

Response headers: {'Date': 'Sun, 20 Sep 2026 12:38:33 GMT', 'Content-Type': 'application/json', 'Content-Length': '718', 'Connection': 'keep-alive', 'Accept-Ranges': 'bytes', 'access-control-allow-headers': 'Content-Type', 'access-control-allow-methods': 'GET, OPTIONS', 'access-control-allow-origin': '*', 'Cache-Control': 'public, max-age=0, must-revalidate, no-store', 'cache-status': '"Netlify Edge"; fwd=miss; fwd-status=200; stored', 'etag': '"008f2dbae9752541cd116a94ca2fbe07-ssl"', 'Server': 'cloudflare', 'strict-transport-security': 'max-age=31536000', 'x-nf-request-id': '01M2Z6A6MRE08XS130C5PQHG7X', 'Nel': '{"report_to":"cf-nel","success_fraction":0.0,"max_age":604800}', 'Age': '7221', 'cf-cache-status': 'HIT', 'Report-To': '{"group":"cf-nel","max_age":604800,"endpoints":[{"url":"https://a.nel.cloudflare.com/report/v4?s=GgEsKorbJGpYY%2FKgdrIVhdE%2BmRlp7jn9kOFtmYazJ%2BEtj3ECn%2FprpPL%2BwfaUyD5SqxoUlyU5mAGzVGhLEd4oIXkACwF45TP%2FSHQ85OMnUBIvmfkGqzGAGrEE06d6XdXblx%2Bx0KtCZCJe"}]}', 'CF-RAY': 'a3e0e34a8cadef33-LHR', 'alt-svc': 'h3=":443"; ma=86400'}
Response cookies: {}

-----

-----
Test: tests/test_get_characters_from_films.py::TestCharacterFilms::test_get_characters_from_films (call)
Time: 2026-09-20 15:38:34.116131
Request method: GET
Request URL: https://swapi.info/api/people/14

Response code: 200
Response text: {
	"name": "Han Solo",
	"height": "180",
	"mass": "80",
	"hair_color": "brown",
	"skin_color": "fair",
	"eye_color": "brown",
	"birth_year": "29BBY",
	"gender": "male",
	"homeworld": "https://swapi.info/api/planets/22",
	"films": [
		"https://swapi.info/api/films/1",
		"https://swapi.info/api/films/2",
		"https://swapi.info/api/films/3"
	],
	"species": [],
	"vehicles": [],
	"starships": [
		"https://swapi.info/api/starships/10",
		"https://swapi.info/api/starships/22"
	],
	"created": "2014-12-10T16:49:14.582000Z",
	"edited": "2014-12-20T21:17:50.334000Z",
	"url": "https://swapi.info/api/people/14"
}

Response headers: {'Date': 'Sun, 20 Sep 2026 12:38:33 GMT', 'Content-Type': 'application/json', 'Content-Length': '607', 'Connection': 'keep-alive', 'Accept-Ranges': 'bytes', 'access-control-allow-headers': 'Content-Type', 'access-control-allow-methods': 'GET, OPTIONS', 'access-control-allow-origin': '*', 'Cache-Control': 'public, max-age=0, must-revalidate, no-store', 'cache-status': '"Netlify Edge"; fwd=miss; fwd-status=200; stored', 'etag': '"da1f1941fc33bbf5058536f4d6cc6fb9-ssl"', 'Server': 'cloudflare', 'strict-transport-security': 'max-age=31536000', 'x-nf-request-id': '01M2R4FP2A08F8DM35S85XS8F2', 'Nel': '{"report_to":"cf-nel","success_fraction":0.0,"max_age":604800}', 'Age': '244019', 'cf-cache-status': 'HIT', 'Report-To': '{"group":"cf-nel","max_age":604800,"endpoints":[{"url":"https://a.nel.cloudflare.com/report/v4?s=DMfizGg4jSMssDOuIPdWwKKP0g%2BG7pYDL0wAXv6EraazGkXdOo%2BGWqX4gTWG9A9JIffc0EvXR5io3vjhVo9angMtOE%2Bvir%2Bp2dFjWcZBnT6iUNFOoaw6kzTyMUfRnUnKTlhHnkJ%2Bb3C2"}]}', 'CF-RAY': 'a3e0e34d2f28bd9c-AMS', 'alt-svc': 'h3=":443"; ma=86400'}
Response cookies: {}

-----

-----
Test: tests/test_get_characters_from_films.py::TestCharacterFilms::test_get_characters_from_films (call)
Time: 2026-09-20 15:38:34.531629
Request method: GET
Request URL: https://swapi.info/api/people/16

Response code: 200
Response text: {
	"name": "Jabba Desilijic Tiure",
	"height": "175",
	"mass": "1,358",
	"hair_color": "n/a",
	"skin_color": "green-tan, brown",
	"eye_color": "orange",
	"birth_year": "600BBY",
	"gender": "hermaphrodite",
	"homeworld": "https://swapi.info/api/planets/24",
	"films": [
		"https://swapi.info/api/films/1",
		"https://swapi.info/api/films/3",
		"https://swapi.info/api/films/4"
	],
	"species": ["https://swapi.info/api/species/5"],
	"vehicles": [],
	"starships": [],
	"created": "2014-12-10T17:11:31.638000Z",
	"edited": "2014-12-20T21:17:50.338000Z",
	"url": "https://swapi.info/api/people/16"
}

Response headers: {'Date': 'Sun, 20 Sep 2026 12:38:34 GMT', 'Content-Type': 'application/json', 'Content-Length': '595', 'Connection': 'keep-alive', 'Accept-Ranges': 'bytes', 'access-control-allow-headers': 'Content-Type', 'access-control-allow-methods': 'GET, OPTIONS', 'access-control-allow-origin': '*', 'Cache-Control': 'public, max-age=0, must-revalidate, no-store', 'cache-status': '"Netlify Edge"; fwd=miss; fwd-status=200; stored', 'etag': '"11db2f737840633485c1a0ce05b1bc8f-ssl"', 'Server': 'cloudflare', 'strict-transport-security': 'max-age=31536000', 'x-nf-request-id': '01M2Z6A87QPJ06DCEDC9CAYX4P', 'Nel': '{"report_to":"cf-nel","success_fraction":0.0,"max_age":604800}', 'Age': '7220', 'cf-cache-status': 'HIT', 'Report-To': '{"group":"cf-nel","max_age":604800,"endpoints":[{"url":"https://a.nel.cloudflare.com/report/v4?s=D2OD8viyTLrhbspKaQeK8Fg4a%2FZ6ppXz4UCwoPC13kDji1IAvhTCTWWsMhKVv67Qm6LMfcgDAWsHy48t6bLwXhkNKXOzZZCeeDKNLJMK9MopVf8Gym2iu88WyOy5Sbko9o%2B1x4keNuv2"}]}', 'CF-RAY': 'a3e0e34fce4b23e3-AMS', 'alt-svc': 'h3=":443"; ma=86400'}
Response cookies: {}

-----

-----
Test: tests/test_get_characters_from_films.py::TestCharacterFilms::test_get_characters_from_films (call)
Time: 2026-09-20 15:38:34.956610
Request method: GET
Request URL: https://swapi.info/api/people/18

Response code: 200
Response text: {
	"name": "Wedge Antilles",
	"height": "170",
	"mass": "77",
	"hair_color": "brown",
	"skin_color": "fair",
	"eye_color": "hazel",
	"birth_year": "21BBY",
	"gender": "male",
	"homeworld": "https://swapi.info/api/planets/22",
	"films": [
		"https://swapi.info/api/films/1",
		"https://swapi.info/api/films/2",
		"https://swapi.info/api/films/3"
	],
	"species": [],
	"vehicles": ["https://swapi.info/api/vehicles/14"],
	"starships": ["https://swapi.info/api/starships/12"],
	"created": "2014-12-12T11:08:06.469000Z",
	"edited": "2014-12-20T21:17:50.341000Z",
	"url": "https://swapi.info/api/people/18"
}

Response headers: {'Date': 'Sun, 20 Sep 2026 12:38:34 GMT', 'Content-Type': 'application/json', 'Content-Length': '603', 'Connection': 'keep-alive', 'Accept-Ranges': 'bytes', 'access-control-allow-headers': 'Content-Type', 'access-control-allow-methods': 'GET, OPTIONS', 'access-control-allow-origin': '*', 'Cache-Control': 'public, max-age=0, must-revalidate, no-store', 'cache-status': '"Netlify Edge"; fwd=miss; fwd-status=200; stored', 'etag': '"6399cc9cdde08a57636eed4e2d0d8dde-ssl"', 'Server': 'cloudflare', 'strict-transport-security': 'max-age=31536000', 'x-nf-request-id': '01M2R4FP3PPGNTGBXVKQ4ZFK98', 'Nel': '{"report_to":"cf-nel","success_fraction":0.0,"max_age":604800}', 'Age': '244020', 'cf-cache-status': 'HIT', 'Report-To': '{"group":"cf-nel","max_age":604800,"endpoints":[{"url":"https://a.nel.cloudflare.com/report/v4?s=GkAWVurvumUQ4O7XJDiwDd27OBFzEUimTc7zBW6OwN%2FyXCHMijx8UJnKq%2Ba2cXqiOUdCEcdUm4OC%2B%2BY8HiBjCfbVs65xqBuJBwIv0%2BdiaN9d5SQtIsAEf5CS%2F2NdcyKQmtC5hrSDicyy"}]}', 'CF-RAY': 'a3e0e352795af5eb-AMS', 'alt-svc': 'h3=":443"; ma=86400'}
Response cookies: {}

-----

-----
Test: tests/test_get_characters_from_films.py::TestCharacterFilms::test_get_characters_from_films (call)
Time: 2026-09-20 15:38:35.384123
Request method: GET
Request URL: https://swapi.info/api/people/20

Response code: 200
Response text: {
	"name": "Yoda",
	"height": "66",
	"mass": "17",
	"hair_color": "white",
	"skin_color": "green",
	"eye_color": "brown",
	"birth_year": "896BBY",
	"gender": "male",
	"homeworld": "https://swapi.info/api/planets/28",
	"films": [
		"https://swapi.info/api/films/2",
		"https://swapi.info/api/films/3",
		"https://swapi.info/api/films/4",
		"https://swapi.info/api/films/5",
		"https://swapi.info/api/films/6"
	],
	"species": ["https://swapi.info/api/species/6"],
	"vehicles": [],
	"starships": [],
	"created": "2014-12-15T12:26:01.042000Z",
	"edited": "2014-12-20T21:17:50.345000Z",
	"url": "https://swapi.info/api/people/20"
}

Response headers: {'Date': 'Sun, 20 Sep 2026 12:38:35 GMT', 'Content-Type': 'application/json', 'Content-Length': '627', 'Connection': 'keep-alive', 'Accept-Ranges': 'bytes', 'access-control-allow-headers': 'Content-Type', 'access-control-allow-methods': 'GET, OPTIONS', 'access-control-allow-origin': '*', 'Cache-Control': 'public, max-age=0, must-revalidate, no-store', 'cache-status': '"Netlify Edge"; fwd=miss; fwd-status=200; stored', 'etag': '"6bc54b1da8194a58d02635f3d8a93903-ssl"', 'Server': 'cloudflare', 'strict-transport-security': 'max-age=31536000', 'x-nf-request-id': '01M2Z6AF9ERY8CYYYS3ZTAWWYM', 'Nel': '{"report_to":"cf-nel","success_fraction":0.0,"max_age":604800}', 'Age': '7213', 'cf-cache-status': 'HIT', 'Report-To': '{"group":"cf-nel","max_age":604800,"endpoints":[{"url":"https://a.nel.cloudflare.com/report/v4?s=Ccu4bsjxiGKDVcx%2BszcpHRHQED4VYsrpM7nudjaUC%2BTcEeLr90k0ISecja01s2gU3kyl7L9QiAiRd7aQ0qnWaNOOkCLiZ8qFmKIHrJG7I1s7CSgnTHnXLSMk%2FkWOI4y9Nt4JqZTlYw9j"}]}', 'CF-RAY': 'a3e0e3554f63345d-LHR', 'alt-svc': 'h3=":443"; ma=86400'}
Response cookies: {}

-----

-----
Test: tests/test_get_characters_from_films.py::TestCharacterFilms::test_get_characters_from_films (call)
Time: 2026-09-20 15:38:35.844170
Request method: GET
Request URL: https://swapi.info/api/people/21

Response code: 200
Response text: {
	"name": "Palpatine",
	"height": "170",
	"mass": "75",
	"hair_color": "grey",
	"skin_color": "pale",
	"eye_color": "yellow",
	"birth_year": "82BBY",
	"gender": "male",
	"homeworld": "https://swapi.info/api/planets/8",
	"films": [
		"https://swapi.info/api/films/2",
		"https://swapi.info/api/films/3",
		"https://swapi.info/api/films/4",
		"https://swapi.info/api/films/5",
		"https://swapi.info/api/films/6"
	],
	"species": [],
	"vehicles": [],
	"starships": [],
	"created": "2014-12-15T12:48:05.971000Z",
	"edited": "2014-12-20T21:17:50.347000Z",
	"url": "https://swapi.info/api/people/21"
}

Response headers: {'Date': 'Sun, 20 Sep 2026 12:38:35 GMT', 'Content-Type': 'application/json', 'Content-Length': '596', 'Connection': 'keep-alive', 'Accept-Ranges': 'bytes', 'access-control-allow-headers': 'Content-Type', 'access-control-allow-methods': 'GET, OPTIONS', 'access-control-allow-origin': '*', 'Cache-Control': 'public, max-age=0, must-revalidate, no-store', 'cache-status': '"Netlify Edge"; fwd=miss; fwd-status=200; stored', 'etag': '"74a0ebeef92f4d0a32186e4bd9aa63ca-ssl"', 'Server': 'cloudflare', 'strict-transport-security': 'max-age=31536000', 'x-nf-request-id': '01M2Z6AG091N3SESWEWFN64WAZ', 'Nel': '{"report_to":"cf-nel","success_fraction":0.0,"max_age":604800}', 'Age': '7213', 'cf-cache-status': 'HIT', 'Report-To': '{"group":"cf-nel","max_age":604800,"endpoints":[{"url":"https://a.nel.cloudflare.com/report/v4?s=ec19yN4xSA%2F9omT1FxfmYX%2F1P%2B2O13wS93z62p51hRlhGNC9MePPAC%2F3M4uMrXiIwPu7yEelnKgyjHbBJChul%2FqOWSGwct%2BYdZ8434LKqo4iG4f4zgbdT6hsiMputZehNQIibDIq7Sw1"}]}', 'CF-RAY': 'a3e0e3580e09f5b0-AMS', 'alt-svc': 'h3=":443"; ma=86400'}
Response cookies: {}

-----

-----
Test: tests/test_get_characters_from_films.py::TestCharacterFilms::test_get_characters_from_films (call)
Time: 2026-09-20 15:38:36.262478
Request method: GET
Request URL: https://swapi.info/api/people/22

Response code: 200
Response text: {
	"name": "Boba Fett",
	"height": "183",
	"mass": "78.2",
	"hair_color": "black",
	"skin_color": "fair",
	"eye_color": "brown",
	"birth_year": "31.5BBY",
	"gender": "male",
	"homeworld": "https://swapi.info/api/planets/10",
	"films": [
		"https://swapi.info/api/films/2",
		"https://swapi.info/api/films/3",
		"https://swapi.info/api/films/5"
	],
	"species": [],
	"vehicles": [],
	"starships": ["https://swapi.info/api/starships/21"],
	"created": "2014-12-15T12:49:32.457000Z",
	"edited": "2014-12-20T21:17:50.349000Z",
	"url": "https://swapi.info/api/people/22"
}

Response headers: {'Date': 'Sun, 20 Sep 2026 12:38:35 GMT', 'Content-Type': 'application/json', 'Content-Length': '566', 'Connection': 'keep-alive', 'Accept-Ranges': 'bytes', 'access-control-allow-headers': 'Content-Type', 'access-control-allow-methods': 'GET, OPTIONS', 'access-control-allow-origin': '*', 'Cache-Control': 'public, max-age=0, must-revalidate, no-store', 'cache-status': '"Netlify Edge"; fwd=miss; fwd-status=200; stored', 'etag': '"893ca95ad315476c7334613fecc140a9-ssl"', 'Server': 'cloudflare', 'strict-transport-security': 'max-age=31536000', 'x-nf-request-id': '01M2Z6AGT8MEEGGAVAVKYKSQ2M', 'Nel': '{"report_to":"cf-nel","success_fraction":0.0,"max_age":604800}', 'Age': '7213', 'cf-cache-status': 'HIT', 'Report-To': '{"group":"cf-nel","max_age":604800,"endpoints":[{"url":"https://a.nel.cloudflare.com/report/v4?s=%2F83jG8x1DbID5%2FhELVKDoxRiOw96BQytQOw4GAYMPYzhmmWovBb9TGoaJJ%2BTG7U7vSiPplQaZ5%2Fa8VeOQVurl75nyiM6iQ9qkfJRSTf5Y7u7pn3PAl33jsUbMS8unbH1rV%2F792d8hNFh"}]}', 'CF-RAY': 'a3e0e35aba464914-AMS', 'alt-svc': 'h3=":443"; ma=86400'}
Response cookies: {}

-----

-----
Test: tests/test_get_characters_from_films.py::TestCharacterFilms::test_get_characters_from_films (call)
Time: 2026-09-20 15:38:36.700279
Request method: GET
Request URL: https://swapi.info/api/people/25

Response code: 200
Response text: {
	"name": "Lando Calrissian",
	"height": "177",
	"mass": "79",
	"hair_color": "black",
	"skin_color": "dark",
	"eye_color": "brown",
	"birth_year": "31BBY",
	"gender": "male",
	"homeworld": "https://swapi.info/api/planets/30",
	"films": ["https://swapi.info/api/films/2", "https://swapi.info/api/films/3"],
	"species": [],
	"vehicles": [],
	"starships": ["https://swapi.info/api/starships/10"],
	"created": "2014-12-15T12:56:32.683000Z",
	"edited": "2014-12-20T21:17:50.357000Z",
	"url": "https://swapi.info/api/people/25"
}

Response headers: {'Date': 'Sun, 20 Sep 2026 12:38:36 GMT', 'Content-Type': 'application/json', 'Content-Length': '526', 'Connection': 'keep-alive', 'Accept-Ranges': 'bytes', 'access-control-allow-headers': 'Content-Type', 'access-control-allow-methods': 'GET, OPTIONS', 'access-control-allow-origin': '*', 'Cache-Control': 'public, max-age=0, must-revalidate, no-store', 'cache-status': '"Netlify Edge"; fwd=miss; fwd-status=200; stored', 'etag': '"4ecdd185ab417102a6317efa28582c36-ssl"', 'Server': 'cloudflare', 'strict-transport-security': 'max-age=31536000', 'x-nf-request-id': '01M2Z6AJVPZ8H5B8R8D32F06TQ', 'Nel': '{"report_to":"cf-nel","success_fraction":0.0,"max_age":604800}', 'Age': '7211', 'cf-cache-status': 'HIT', 'Report-To': '{"group":"cf-nel","max_age":604800,"endpoints":[{"url":"https://a.nel.cloudflare.com/report/v4?s=NY3IHBVt4tjivoXA9S%2FzdBzzk%2BIKzL%2FDCDPWgAqEzm%2Brw2IVMwGfk%2FQR4TjC4DWrXWq5yFGFkrnqXvKcbzhgIEkoxD9IG6%2BB0%2FCR5kxbpAut31gh%2B%2FwWOrYGvw4svKF%2F4vpA0nMMHkHY"}]}', 'CF-RAY': 'a3e0e35d6f31b97b-AMS', 'alt-svc': 'h3=":443"; ma=86400'}
Response cookies: {}

-----

-----
Test: tests/test_get_characters_from_films.py::TestCharacterFilms::test_get_characters_from_films (call)
Time: 2026-09-20 15:38:37.145580
Request method: GET
Request URL: https://swapi.info/api/people/27

Response code: 200
Response text: {
	"name": "Ackbar",
	"height": "180",
	"mass": "83",
	"hair_color": "none",
	"skin_color": "brown mottle",
	"eye_color": "orange",
	"birth_year": "41BBY",
	"gender": "male",
	"homeworld": "https://swapi.info/api/planets/31",
	"films": ["https://swapi.info/api/films/3"],
	"species": ["https://swapi.info/api/species/8"],
	"vehicles": [],
	"starships": [],
	"created": "2014-12-18T11:07:50.584000Z",
	"edited": "2014-12-20T21:17:50.362000Z",
	"url": "https://swapi.info/api/people/27"
}

Response headers: {'Date': 'Sun, 20 Sep 2026 12:38:36 GMT', 'Content-Type': 'application/json', 'Content-Length': '487', 'Connection': 'keep-alive', 'Accept-Ranges': 'bytes', 'access-control-allow-headers': 'Content-Type', 'access-control-allow-methods': 'GET, OPTIONS', 'access-control-allow-origin': '*', 'Cache-Control': 'public, max-age=0, must-revalidate, no-store', 'cache-status': '"Netlify Edge"; fwd=miss; fwd-status=200; stored', 'etag': '"5511b381726e622856e2908df433ac49-ssl"', 'Server': 'cloudflare', 'strict-transport-security': 'max-age=31536000', 'x-nf-request-id': '01M2R4FPCBP8W91JS9KZ6H0M1E', 'Nel': '{"report_to":"cf-nel","success_fraction":0.0,"max_age":604800}', 'Age': '244022', 'cf-cache-status': 'HIT', 'Report-To': '{"group":"cf-nel","max_age":604800,"endpoints":[{"url":"https://a.nel.cloudflare.com/report/v4?s=mYGp4C2wX9Khf8Wg2PpHk2yshzakpvL%2Flu5F%2FN3W2IZGVIzURVOlFUceXgITy0YW4FAO0BOfL9Ki1gt4CgRp64DlRg6E9H%2FbBHH1gxnk2oEoKza1dAeFnE5JXyHvb0ye%2Fnn%2FiXnRBatF"}]}', 'CF-RAY': 'a3e0e3601ff2b8bb-AMS', 'alt-svc': 'h3=":443"; ma=86400'}
Response cookies: {}

-----

-----
Test: tests/test_get_characters_from_films.py::TestCharacterFilms::test_get_characters_from_films (call)
Time: 2026-09-20 15:38:37.575259
Request method: GET
Request URL: https://swapi.info/api/people/28

Response code: 200
Response text: {
	"name": "Mon Mothma",
	"height": "150",
	"mass": "unknown",
	"hair_color": "auburn",
	"skin_color": "fair",
	"eye_color": "blue",
	"birth_year": "48BBY",
	"gender": "female",
	"homeworld": "https://swapi.info/api/planets/32",
	"films": ["https://swapi.info/api/films/3"],
	"species": [],
	"vehicles": [],
	"starships": [],
	"created": "2014-12-18T11:12:38.895000Z",
	"edited": "2014-12-20T21:17:50.364000Z",
	"url": "https://swapi.info/api/people/28"
}

Response headers: {'Date': 'Sun, 20 Sep 2026 12:38:37 GMT', 'Content-Type': 'application/json', 'Content-Length': '456', 'Connection': 'keep-alive', 'Accept-Ranges': 'bytes', 'access-control-allow-headers': 'Content-Type', 'access-control-allow-methods': 'GET, OPTIONS', 'access-control-allow-origin': '*', 'Cache-Control': 'public, max-age=0, must-revalidate, no-store', 'cache-status': '"Netlify Edge"; fwd=miss; fwd-status=200; stored', 'etag': '"7cf3cb2c58b7c00bb563958f1b682138-ssl"', 'Server': 'cloudflare', 'strict-transport-security': 'max-age=31536000', 'x-nf-request-id': '01M2R4FPB5A2ZDDK0H5650FJ64', 'Nel': '{"report_to":"cf-nel","success_fraction":0.0,"max_age":604800}', 'Age': '244023', 'cf-cache-status': 'HIT', 'Report-To': '{"group":"cf-nel","max_age":604800,"endpoints":[{"url":"https://a.nel.cloudflare.com/report/v4?s=lDIu0866e8%2FOFrT9%2Fgwz0TB6GMdtZ90CB%2F8KcwqzGa8aX%2FFsLKaO89INU6kQh%2F73iL8ObtuqHciI4zU8lkM8vOPl8nCRUwt%2F%2Bh348ycoxXSwEC9hVxhFpb0ECILJHN8KmNWKrB8uc92P"}]}', 'CF-RAY': 'a3e0e362ff5994e5-LHR', 'alt-svc': 'h3=":443"; ma=86400'}
Response cookies: {}

-----

-----
Test: tests/test_get_characters_from_films.py::TestCharacterFilms::test_get_characters_from_films (call)
Time: 2026-09-20 15:38:38.025100
Request method: GET
Request URL: https://swapi.info/api/people/29

Response code: 200
Response text: {
	"name": "Arvel Crynyd",
	"height": "unknown",
	"mass": "unknown",
	"hair_color": "brown",
	"skin_color": "fair",
	"eye_color": "brown",
	"birth_year": "unknown",
	"gender": "male",
	"homeworld": "https://swapi.info/api/planets/28",
	"films": ["https://swapi.info/api/films/3"],
	"species": [],
	"vehicles": [],
	"starships": ["https://swapi.info/api/starships/28"],
	"created": "2014-12-18T11:16:33.020000Z",
	"edited": "2014-12-20T21:17:50.367000Z",
	"url": "https://swapi.info/api/people/29"
}

Response headers: {'Date': 'Sun, 20 Sep 2026 12:38:37 GMT', 'Content-Type': 'application/json', 'Content-Length': '499', 'Connection': 'keep-alive', 'Accept-Ranges': 'bytes', 'access-control-allow-headers': 'Content-Type', 'access-control-allow-methods': 'GET, OPTIONS', 'access-control-allow-origin': '*', 'Cache-Control': 'public, max-age=0, must-revalidate, no-store', 'cache-status': '"Netlify Edge"; fwd=miss; fwd-status=200; stored', 'etag': '"0a9b6e6fd9212614d1df080c43e87885-ssl"', 'Server': 'cloudflare', 'strict-transport-security': 'max-age=31536000', 'x-nf-request-id': '01M2R4FPCMJPZ6WD6C4MQY52X5', 'Nel': '{"report_to":"cf-nel","success_fraction":0.0,"max_age":604800}', 'Age': '244023', 'cf-cache-status': 'HIT', 'Report-To': '{"group":"cf-nel","max_age":604800,"endpoints":[{"url":"https://a.nel.cloudflare.com/report/v4?s=lb3Ey3Ae%2Byrf%2BM9nCLTPIJ6Nl4uvPU7ZXakCnenUl1sqUst8UjR9W03%2BZTyRK3GGmCMfhY%2Bus5rL17F6yHtfzxJdu5GZJ0laFb3VkHyIKtnvWHfBhbbJo5ryo5%2B1io6NPx28ug68tIuB"}]}', 'CF-RAY': 'a3e0e365cbebf65c-LHR', 'alt-svc': 'h3=":443"; ma=86400'}
Response cookies: {}

-----

-----
Test: tests/test_get_characters_from_films.py::TestCharacterFilms::test_get_characters_from_films (call)
Time: 2026-09-20 15:38:38.473585
Request method: GET
Request URL: https://swapi.info/api/people/30

Response code: 200
Response text: {
	"name": "Wicket Systri Warrick",
	"height": "88",
	"mass": "20",
	"hair_color": "brown",
	"skin_color": "brown",
	"eye_color": "brown",
	"birth_year": "8BBY",
	"gender": "male",
	"homeworld": "https://swapi.info/api/planets/7",
	"films": ["https://swapi.info/api/films/3"],
	"species": ["https://swapi.info/api/species/9"],
	"vehicles": [],
	"starships": [],
	"created": "2014-12-18T11:21:58.954000Z",
	"edited": "2014-12-20T21:17:50.369000Z",
	"url": "https://swapi.info/api/people/30"
}

Response headers: {'Date': 'Sun, 20 Sep 2026 12:38:38 GMT', 'Content-Type': 'application/json', 'Content-Length': '492', 'Connection': 'keep-alive', 'Accept-Ranges': 'bytes', 'access-control-allow-headers': 'Content-Type', 'access-control-allow-methods': 'GET, OPTIONS', 'access-control-allow-origin': '*', 'Cache-Control': 'public, max-age=0, must-revalidate, no-store', 'cache-status': '"Netlify Edge"; fwd=miss; fwd-status=200; stored', 'etag': '"5e8959650cd5c600df158aa1c640347b-ssl"', 'Server': 'cloudflare', 'strict-transport-security': 'max-age=31536000', 'x-nf-request-id': '01M2Z6AWDEW8TMCAS43JNNNGN3', 'Nel': '{"report_to":"cf-nel","success_fraction":0.0,"max_age":604800}', 'Age': '7203', 'cf-cache-status': 'HIT', 'Report-To': '{"group":"cf-nel","max_age":604800,"endpoints":[{"url":"https://a.nel.cloudflare.com/report/v4?s=NF7Wss1%2FG1Kdm6wExhxe59couJpaS0vaOnfvTtHcRaXu7%2BEJT4up4nWJOA8%2BBNL%2B7hv7w%2FaKIcY%2F1XaC2IRnLbbyR8ZSK7P8a0DT15IovnD0wxhmcsQM8Dv3oXaXsUOxkypCJjMMP%2FnU"}]}', 'CF-RAY': 'a3e0e3687fcf5c3f-AMS', 'alt-svc': 'h3=":443"; ma=86400'}
Response cookies: {}

-----

-----
Test: tests/test_get_characters_from_films.py::TestCharacterFilms::test_get_characters_from_films (call)
Time: 2026-09-20 15:38:38.903006
Request method: GET
Request URL: https://swapi.info/api/people/31

Response code: 200
Response text: {
	"name": "Nien Nunb",
	"height": "160",
	"mass": "68",
	"hair_color": "none",
	"skin_color": "grey",
	"eye_color": "black",
	"birth_year": "unknown",
	"gender": "male",
	"homeworld": "https://swapi.info/api/planets/33",
	"films": ["https://swapi.info/api/films/3"],
	"species": ["https://swapi.info/api/species/10"],
	"vehicles": [],
	"starships": ["https://swapi.info/api/starships/10"],
	"created": "2014-12-18T11:26:18.541000Z",
	"edited": "2014-12-20T21:17:50.371000Z",
	"url": "https://swapi.info/api/people/31"
}

Response headers: {'Date': 'Sun, 20 Sep 2026 12:38:38 GMT', 'Content-Type': 'application/json', 'Content-Length': '521', 'Connection': 'keep-alive', 'Accept-Ranges': 'bytes', 'access-control-allow-headers': 'Content-Type', 'access-control-allow-methods': 'GET, OPTIONS', 'access-control-allow-origin': '*', 'Cache-Control': 'public, max-age=0, must-revalidate, no-store', 'cache-status': '"Netlify Edge"; fwd=miss; fwd-status=200; stored', 'etag': '"972d7f92abbdd52f0e806d20a3f19421-ssl"', 'Server': 'cloudflare', 'strict-transport-security': 'max-age=31536000', 'x-nf-request-id': '01M2R4FPDAAPAW77EP0FC8VZKE', 'Nel': '{"report_to":"cf-nel","success_fraction":0.0,"max_age":604800}', 'Age': '244024', 'cf-cache-status': 'HIT', 'Report-To': '{"group":"cf-nel","max_age":604800,"endpoints":[{"url":"https://a.nel.cloudflare.com/report/v4?s=dqEoZIIls05NTa3fPULV7Fi%2FkNaNmBzmMQdC5TfFgkjbrAA%2FcboBC60NAm4IW3znnmkp0GxikLPdw2oPa1Q46J4riHrqBBHSqgizWnEpC7X5%2FCK40MOyrH9kW1%2F1aXwU%2FUMQdzJI0ulv"}]}', 'CF-RAY': 'a3e0e36b3daadf34-LHR', 'alt-svc': 'h3=":443"; ma=86400'}
Response cookies: {}

-----

-----
Test: tests/test_get_characters_from_films.py::TestCharacterFilms::test_get_characters_from_films (call)
Time: 2026-09-20 15:38:39.344297
Request method: GET
Request URL: https://swapi.info/api/people/45

Response code: 200
Response text: {
	"name": "Bib Fortuna",
	"height": "180",
	"mass": "unknown",
	"hair_color": "none",
	"skin_color": "pale",
	"eye_color": "pink",
	"birth_year": "unknown",
	"gender": "male",
	"homeworld": "https://swapi.info/api/planets/37",
	"films": ["https://swapi.info/api/films/3"],
	"species": ["https://swapi.info/api/species/15"],
	"vehicles": [],
	"starships": [],
	"created": "2014-12-20T09:47:02.512000Z",
	"edited": "2014-12-20T21:17:50.407000Z",
	"url": "https://swapi.info/api/people/45"
}

Response headers: {'Date': 'Sun, 20 Sep 2026 12:38:39 GMT', 'Content-Type': 'application/json', 'Content-Length': '490', 'Connection': 'keep-alive', 'Accept-Ranges': 'bytes', 'access-control-allow-headers': 'Content-Type', 'access-control-allow-methods': 'GET, OPTIONS', 'access-control-allow-origin': '*', 'Cache-Control': 'public, max-age=0, must-revalidate, no-store', 'cache-status': '"Netlify Edge"; fwd=miss; fwd-status=200; stored', 'etag': '"56d3fe854430b755e7d1d26328f08236-ssl"', 'Server': 'cloudflare', 'strict-transport-security': 'max-age=31536000', 'x-nf-request-id': '01M2R4FW3N6T3NS12XSY9ATRS4', 'Nel': '{"report_to":"cf-nel","success_fraction":0.0,"max_age":604800}', 'Age': '244019', 'cf-cache-status': 'HIT', 'Report-To': '{"group":"cf-nel","max_age":604800,"endpoints":[{"url":"https://a.nel.cloudflare.com/report/v4?s=g7zLbh9cDFRSYLORFC9ZB2aHhLujEuOaXkxYpom5%2BzCtZYAd0nmHYbNC9HJ9KEA3N4%2FqktE2AVY%2B8RfeUTna%2FQ3BqjGmcxT5D1sUUj1meWjriPNuELS%2F7X%2BR8fi%2BQ%2BN%2FcsLFWEGWvEGi"}]}', 'CF-RAY': 'a3e0e36ddeb533c7-AMS', 'alt-svc': 'h3=":443"; ma=86400'}
Response cookies: {}

-----

-----
Test: tests/test_get_characters_from_films.py::TestCharacterFilms::test_get_characters_from_films (call)
Time: 2026-09-20 15:38:39.757828
Request method: GET
Request URL: https://swapi.info/api/films/6

Response code: 200
Response text: {
	"title": "Revenge of the Sith",
	"episode_id": 3,
	"opening_crawl": "War! The Republic is crumbling\r\nunder attacks by the ruthless\r\nSith Lord, Count Dooku.\r\nThere are heroes on both sides.\r\nEvil is everywhere.\r\n\r\nIn a stunning move, the\r\nfiendish droid leader, General\r\nGrievous, has swept into the\r\nRepublic capital and kidnapped\r\nChancellor Palpatine, leader of\r\nthe Galactic Senate.\r\n\r\nAs the Separatist Droid Army\r\nattempts to flee the besieged\r\ncapital with their valuable\r\nhostage, two Jedi Knights lead a\r\ndesperate mission to rescue the\r\ncaptive Chancellor....",
	"director": "George Lucas",
	"producer": "Rick McCallum",
	"release_date": "2005-05-19",
	"characters": [
		"https://swapi.info/api/people/1",
		"https://swapi.info/api/people/2",
		"https://swapi.info/api/people/3",
		"https://swapi.info/api/people/4",
		"https://swapi.info/api/people/5",
		"https://swapi.info/api/people/6",
		"https://swapi.info/api/people/7",
		"https://swapi.info/api/people/10",
		"https://swapi.info/api/people/11",
		"https://swapi.info/api/people/12",
		"https://swapi.info/api/people/13",
		"https://swapi.info/api/people/20",
		"https://swapi.info/api/people/21",
		"https://swapi.info/api/people/33",
		"https://swapi.info/api/people/35",
		"https://swapi.info/api/people/46",
		"https://swapi.info/api/people/51",
		"https://swapi.info/api/people/52",
		"https://swapi.info/api/people/53",
		"https://swapi.info/api/people/54",
		"https://swapi.info/api/people/55",
		"https://swapi.info/api/people/56",
		"https://swapi.info/api/people/58",
		"https://swapi.info/api/people/63",
		"https://swapi.info/api/people/64",
		"https://swapi.info/api/people/67",
		"https://swapi.info/api/people/68",
		"https://swapi.info/api/people/75",
		"https://swapi.info/api/people/78",
		"https://swapi.info/api/people/79",
		"https://swapi.info/api/people/80",
		"https://swapi.info/api/people/81",
		"https://swapi.info/api/people/82",
		"https://swapi.info/api/people/83"
	],
	"planets": [
		"https://swapi.info/api/planets/1",
		"https://swapi.info/api/planets/2",
		"https://swapi.info/api/planets/5",
		"https://swapi.info/api/planets/8",
		"https://swapi.info/api/planets/9",
		"https://swapi.info/api/planets/12",
		"https://swapi.info/api/planets/13",
		"https://swapi.info/api/planets/14",
		"https://swapi.info/api/planets/15",
		"https://swapi.info/api/planets/16",
		"https://swapi.info/api/planets/17",
		"https://swapi.info/api/planets/18",
		"https://swapi.info/api/planets/19"
	],
	"starships": [
		"https://swapi.info/api/starships/2",
		"https://swapi.info/api/starships/32",
		"https://swapi.info/api/starships/48",
		"https://swapi.info/api/starships/59",
		"https://swapi.info/api/starships/61",
		"https://swapi.info/api/starships/63",
		"https://swapi.info/api/starships/64",
		"https://swapi.info/api/starships/65",
		"https://swapi.info/api/starships/66",
		"https://swapi.info/api/starships/68",
		"https://swapi.info/api/starships/74",
		"https://swapi.info/api/starships/75"
	],
	"vehicles": [
		"https://swapi.info/api/vehicles/33",
		"https://swapi.info/api/vehicles/50",
		"https://swapi.info/api/vehicles/53",
		"https://swapi.info/api/vehicles/56",
		"https://swapi.info/api/vehicles/60",
		"https://swapi.info/api/vehicles/62",
		"https://swapi.info/api/vehicles/67",
		"https://swapi.info/api/vehicles/69",
		"https://swapi.info/api/vehicles/70",
		"https://swapi.info/api/vehicles/71",
		"https://swapi.info/api/vehicles/72",
		"https://swapi.info/api/vehicles/73",
		"https://swapi.info/api/vehicles/76"
	],
	"species": [
		"https://swapi.info/api/species/1",
		"https://swapi.info/api/species/2",
		"https://swapi.info/api/species/3",
		"https://swapi.info/api/species/6",
		"https://swapi.info/api/species/15",
		"https://swapi.info/api/species/19",
		"https://swapi.info/api/species/20",
		"https://swapi.info/api/species/23",
		"https://swapi.info/api/species/24",
		"https://swapi.info/api/species/25",
		"https://swapi.info/api/species/26",
		"https://swapi.info/api/species/27",
		"https://swapi.info/api/species/28",
		"https://swapi.info/api/species/29",
		"https://swapi.info/api/species/30",
		"https://swapi.info/api/species/33",
		"https://swapi.info/api/species/34",
		"https://swapi.info/api/species/35",
		"https://swapi.info/api/species/36",
		"https://swapi.info/api/species/37"
	],
	"created": "2014-12-20T18:49:38.403000Z",
	"edited": "2014-12-20T20:47:52.073000Z",
	"url": "https://swapi.info/api/films/6"
}

Response headers: {'Date': 'Sun, 20 Sep 2026 12:38:39 GMT', 'Content-Type': 'application/json', 'Transfer-Encoding': 'chunked', 'Connection': 'keep-alive', 'Accept-Ranges': 'bytes', 'access-control-allow-headers': 'Content-Type', 'access-control-allow-methods': 'GET, OPTIONS', 'access-control-allow-origin': '*', 'Cache-Control': 'public, max-age=0, must-revalidate, no-store', 'cache-status': '"Netlify Edge"; fwd=miss; fwd-status=200; stored', 'Content-Encoding': 'gzip', 'etag': '"770d23627b7dcc01464b5a7f8a8c8aa9-ssl-df"', 'Server': 'cloudflare', 'strict-transport-security': 'max-age=31536000', 'vary': 'Accept-Encoding', 'x-nf-request-id': '01M2NHQ9V36C3DT20Y4GRS1JKA', 'Nel': '{"report_to":"cf-nel","success_fraction":0.0,"max_age":604800}', 'Age': '330807', 'cf-cache-status': 'HIT', 'Report-To': '{"group":"cf-nel","max_age":604800,"endpoints":[{"url":"https://a.nel.cloudflare.com/report/v4?s=NT0M5L8JOx5TbiCmDfd1INNfdFlAvRSYC1orCZxoChSf382HL8eZ1oUZ7UCBHTDvnNPFfzM%2FMSGeMxaKFqncMUNzq%2F3nOCAyCbxP4ohVx8GpG7Fnxyk%2F9MVaJL5pMcFOg9ib5prDT5BV"}]}', 'CF-RAY': 'a3e0e3707d9f0e68-AMS', 'alt-svc': 'h3=":443"; ma=86400'}
Response cookies: {}

-----

-----
Test: tests/test_get_characters_from_films.py::TestCharacterFilms::test_get_characters_from_films (call)
Time: 2026-09-20 15:38:40.197590
Request method: GET
Request URL: https://swapi.info/api/people/1

Response code: 200
Response text: {
	"name": "Luke Skywalker",
	"height": "172",
	"mass": "77",
	"hair_color": "blond",
	"skin_color": "fair",
	"eye_color": "blue",
	"birth_year": "19BBY",
	"gender": "male",
	"homeworld": "https://swapi.info/api/planets/1",
	"films": [
		"https://swapi.info/api/films/1",
		"https://swapi.info/api/films/2",
		"https://swapi.info/api/films/3",
		"https://swapi.info/api/films/6"
	],
	"species": [],
	"vehicles": [
		"https://swapi.info/api/vehicles/14",
		"https://swapi.info/api/vehicles/30"
	],
	"starships": [
		"https://swapi.info/api/starships/12",
		"https://swapi.info/api/starships/22"
	],
	"created": "2014-12-09T13:50:51.644000Z",
	"edited": "2014-12-20T21:17:56.891000Z",
	"url": "https://swapi.info/api/people/1"
}

Response headers: {'Date': 'Sun, 20 Sep 2026 12:38:39 GMT', 'Content-Type': 'application/json', 'Content-Length': '727', 'Connection': 'keep-alive', 'Accept-Ranges': 'bytes', 'access-control-allow-headers': 'Content-Type', 'access-control-allow-methods': 'GET, OPTIONS', 'access-control-allow-origin': '*', 'Age': '7233', 'Cache-Control': 'public, max-age=0, must-revalidate, no-store', 'cache-status': '"Netlify Edge"; fwd=miss; fwd-status=200; stored', 'etag': '"f91d80535d2a2a0949ba6bd161399a64-ssl"', 'Server': 'cloudflare', 'strict-transport-security': 'max-age=31536000', 'x-nf-request-id': '01M2Z6A0P97JDGQNBP17GX3NC2', 'cf-cache-status': 'HIT', 'Report-To': '{"group":"cf-nel","max_age":604800,"endpoints":[{"url":"https://a.nel.cloudflare.com/report/v4?s=oL1HRcKRV5qb9lntw2pxw3JA42vo6wQkz6Wju3FW56RI2Ya9jx4hqEiGZ6p4d8PfWyFIVnteBCHcHarsrG%2BoZeZJZYEUQwb9Aom3W2v7L2KdtlBtDOLpu111Ro563UXaBx3UqVvbWL1f"}]}', 'Nel': '{"report_to":"cf-nel","success_fraction":0.0,"max_age":604800}', 'CF-RAY': 'a3e0e3733ae82f36-AMS', 'alt-svc': 'h3=":443"; ma=86400'}
Response cookies: {}

-----

-----
Test: tests/test_get_characters_from_films.py::TestCharacterFilms::test_get_characters_from_films (call)
Time: 2026-09-20 15:38:40.626886
Request method: GET
Request URL: https://swapi.info/api/people/2

Response code: 200
Response text: {
	"name": "C-3PO",
	"height": "167",
	"mass": "75",
	"hair_color": "n/a",
	"skin_color": "gold",
	"eye_color": "yellow",
	"birth_year": "112BBY",
	"gender": "n/a",
	"homeworld": "https://swapi.info/api/planets/1",
	"films": [
		"https://swapi.info/api/films/1",
		"https://swapi.info/api/films/2",
		"https://swapi.info/api/films/3",
		"https://swapi.info/api/films/4",
		"https://swapi.info/api/films/5",
		"https://swapi.info/api/films/6"
	],
	"species": ["https://swapi.info/api/species/2"],
	"vehicles": [],
	"starships": [],
	"created": "2014-12-10T15:10:51.357000Z",
	"edited": "2014-12-20T21:17:50.309000Z",
	"url": "https://swapi.info/api/people/2"
}

Response headers: {'Date': 'Sun, 20 Sep 2026 12:38:40 GMT', 'Content-Type': 'application/json', 'Content-Length': '660', 'Connection': 'keep-alive', 'Accept-Ranges': 'bytes', 'access-control-allow-headers': 'Content-Type', 'access-control-allow-methods': 'GET, OPTIONS', 'access-control-allow-origin': '*', 'Cache-Control': 'public, max-age=0, must-revalidate, no-store', 'cache-status': '"Netlify Edge"; fwd=miss; fwd-status=200; stored', 'etag': '"e0663a737493ddc063d4dca98f26f8d1-ssl"', 'Server': 'cloudflare', 'strict-transport-security': 'max-age=31536000', 'x-nf-request-id': '01M2QP2GQQSP3S66D0DZESH3WM', 'Nel': '{"report_to":"cf-nel","success_fraction":0.0,"max_age":604800}', 'Age': '259138', 'cf-cache-status': 'HIT', 'Report-To': '{"group":"cf-nel","max_age":604800,"endpoints":[{"url":"https://a.nel.cloudflare.com/report/v4?s=fVZ%2FCn3jOgy6YjAwOndTSbI9bnjNfQ6wJVgBKDvxpi3MaFXthpAUYvRJtMOpMxCgXtA83lhJjf6ORoX1KiaCHr6LNGVec7bwVVm9FfMT3nALXgAlPZYGlbn84FlnFxckFYwUXmJMtYR%2F"}]}', 'CF-RAY': 'a3e0e375dfe38cb0-AMS', 'alt-svc': 'h3=":443"; ma=86400'}
Response cookies: {}

-----

-----
Test: tests/test_get_characters_from_films.py::TestCharacterFilms::test_get_characters_from_films (call)
Time: 2026-09-20 15:38:41.060635
Request method: GET
Request URL: https://swapi.info/api/people/3

Response code: 200
Response text: {
	"name": "R2-D2",
	"height": "96",
	"mass": "32",
	"hair_color": "n/a",
	"skin_color": "white, blue",
	"eye_color": "red",
	"birth_year": "33BBY",
	"gender": "n/a",
	"homeworld": "https://swapi.info/api/planets/8",
	"films": [
		"https://swapi.info/api/films/1",
		"https://swapi.info/api/films/2",
		"https://swapi.info/api/films/3",
		"https://swapi.info/api/films/4",
		"https://swapi.info/api/films/5",
		"https://swapi.info/api/films/6"
	],
	"species": ["https://swapi.info/api/species/2"],
	"vehicles": [],
	"starships": [],
	"created": "2014-12-10T15:11:50.376000Z",
	"edited": "2014-12-20T21:17:50.311000Z",
	"url": "https://swapi.info/api/people/3"
}

Response headers: {'Date': 'Sun, 20 Sep 2026 12:38:40 GMT', 'Content-Type': 'application/json', 'Content-Length': '662', 'Connection': 'keep-alive', 'Accept-Ranges': 'bytes', 'access-control-allow-headers': 'Content-Type', 'access-control-allow-methods': 'GET, OPTIONS', 'access-control-allow-origin': '*', 'Cache-Control': 'public, max-age=0, must-revalidate, no-store', 'cache-status': '"Netlify Edge"; fwd=miss; fwd-status=200; stored', 'etag': '"ffd4c6fda753bad2d64161f991c84a36-ssl"', 'Server': 'cloudflare', 'strict-transport-security': 'max-age=31536000', 'x-nf-request-id': '01M22N9TWG1RR5FDXX1QCQWAXZ', 'Nel': '{"report_to":"cf-nel","success_fraction":0.0,"max_age":604800}', 'Age': '964590', 'cf-cache-status': 'HIT', 'Report-To': '{"group":"cf-nel","max_age":604800,"endpoints":[{"url":"https://a.nel.cloudflare.com/report/v4?s=AvacvjtBUyfJip75%2BPgPwdj8XQCSyl3%2F3%2ByCbZ%2B7oChHvnDNJbZMeNTPqLcv9Yv%2FHQXL9RnX2QH1MhBT%2FbLG0y13lLG4Kohom02Lc26WewcwB9zhlLop78Ii4gaRJ%2B6s7V9ae%2FMYnmvw"}]}', 'CF-RAY': 'a3e0e378b9bb776a-LHR', 'alt-svc': 'h3=":443"; ma=86400'}
Response cookies: {}

-----

-----
Test: tests/test_get_characters_from_films.py::TestCharacterFilms::test_get_characters_from_films (call)
Time: 2026-09-20 15:38:41.517294
Request method: GET
Request URL: https://swapi.info/api/people/4

Response code: 200
Response text: {
	"name": "Darth Vader",
	"height": "202",
	"mass": "136",
	"hair_color": "none",
	"skin_color": "white",
	"eye_color": "yellow",
	"birth_year": "41.9BBY",
	"gender": "male",
	"homeworld": "https://swapi.info/api/planets/1",
	"films": [
		"https://swapi.info/api/films/1",
		"https://swapi.info/api/films/2",
		"https://swapi.info/api/films/3",
		"https://swapi.info/api/films/6"
	],
	"species": [],
	"vehicles": [],
	"starships": ["https://swapi.info/api/starships/13"],
	"created": "2014-12-10T15:18:20.704000Z",
	"edited": "2014-12-20T21:17:50.313000Z",
	"url": "https://swapi.info/api/people/4"
}

Response headers: {'Date': 'Sun, 20 Sep 2026 12:38:41 GMT', 'Content-Type': 'application/json', 'Content-Length': '602', 'Connection': 'keep-alive', 'Accept-Ranges': 'bytes', 'access-control-allow-headers': 'Content-Type', 'access-control-allow-methods': 'GET, OPTIONS', 'access-control-allow-origin': '*', 'Cache-Control': 'public, max-age=0, must-revalidate, no-store', 'cache-status': '"Netlify Edge"; fwd=miss; fwd-status=200; stored', 'etag': '"bc49380df3862baaed50eedc59309ae0-ssl"', 'Server': 'cloudflare', 'strict-transport-security': 'max-age=31536000', 'x-nf-request-id': '01M2QP2Z2C7A3HFRNQZJY1GMCE', 'Nel': '{"report_to":"cf-nel","success_fraction":0.0,"max_age":604800}', 'Age': '259124', 'cf-cache-status': 'HIT', 'Report-To': '{"group":"cf-nel","max_age":604800,"endpoints":[{"url":"https://a.nel.cloudflare.com/report/v4?s=K8JsOQVWgD%2FPhgmtMLIBYnefmKLGdh%2BDLQDfzgIySUvGn%2B4Rh8t9J82JNf9cnMWQEpgQY7WC7TwhuUlqGw3AplwlJjEoCMQpYjRTABFMmKZbsN77A%2B7UMyGWzR8tdz92SgpEjB45XBr%2B"}]}', 'CF-RAY': 'a3e0e37b6e12f546-AMS', 'alt-svc': 'h3=":443"; ma=86400'}
Response cookies: {}

-----

-----
Test: tests/test_get_characters_from_films.py::TestCharacterFilms::test_get_characters_from_films (call)
Time: 2026-09-20 15:38:41.923649
Request method: GET
Request URL: https://swapi.info/api/people/5

Response code: 200
Response text: {
	"name": "Leia Organa",
	"height": "150",
	"mass": "49",
	"hair_color": "brown",
	"skin_color": "light",
	"eye_color": "brown",
	"birth_year": "19BBY",
	"gender": "female",
	"homeworld": "https://swapi.info/api/planets/2",
	"films": [
		"https://swapi.info/api/films/1",
		"https://swapi.info/api/films/2",
		"https://swapi.info/api/films/3",
		"https://swapi.info/api/films/6"
	],
	"species": [],
	"vehicles": ["https://swapi.info/api/vehicles/30"],
	"starships": [],
	"created": "2014-12-10T15:20:09.791000Z",
	"edited": "2014-12-20T21:17:50.315000Z",
	"url": "https://swapi.info/api/people/5"
}

Response headers: {'Date': 'Sun, 20 Sep 2026 12:38:41 GMT', 'Content-Type': 'application/json', 'Content-Length': '600', 'Connection': 'keep-alive', 'Accept-Ranges': 'bytes', 'access-control-allow-headers': 'Content-Type', 'access-control-allow-methods': 'GET, OPTIONS', 'access-control-allow-origin': '*', 'Cache-Control': 'public, max-age=0, must-revalidate, no-store', 'cache-status': '"Netlify Edge"; fwd=miss; fwd-status=200; stored', 'etag': '"5a1cc80c4dec2dc5cff06ba44b4ec063-ssl"', 'Server': 'cloudflare', 'strict-transport-security': 'max-age=31536000', 'x-nf-request-id': '01M2QP6Y3AVC307SQAY41114GX', 'Nel': '{"report_to":"cf-nel","success_fraction":0.0,"max_age":604800}', 'Age': '258994', 'cf-cache-status': 'HIT', 'Report-To': '{"group":"cf-nel","max_age":604800,"endpoints":[{"url":"https://a.nel.cloudflare.com/report/v4?s=584JDZ%2B%2BgH%2BYrKv9BR8h%2Fc4oao1o1OSHCin4jOhk6Xu579WrF756f8PkT6iRrKi%2FJkBIi3%2FS4fueMWvgxdFDLzTTDW9ODDmlY60YE6wgpjZfWrb2stuitU5Y4xAHHB1AihIdG6Eg%2BSxH"}]}', 'CF-RAY': 'a3e0e37dfb7d7aa7-AMS', 'alt-svc': 'h3=":443"; ma=86400'}
Response cookies: {}

-----

-----
Test: tests/test_get_characters_from_films.py::TestCharacterFilms::test_get_characters_from_films (call)
Time: 2026-09-20 15:38:42.343227
Request method: GET
Request URL: https://swapi.info/api/people/6

Response code: 200
Response text: {
	"name": "Owen Lars",
	"height": "178",
	"mass": "120",
	"hair_color": "brown, grey",
	"skin_color": "light",
	"eye_color": "blue",
	"birth_year": "52BBY",
	"gender": "male",
	"homeworld": "https://swapi.info/api/planets/1",
	"films": [
		"https://swapi.info/api/films/1",
		"https://swapi.info/api/films/5",
		"https://swapi.info/api/films/6"
	],
	"species": [],
	"vehicles": [],
	"starships": [],
	"created": "2014-12-10T15:52:14.024000Z",
	"edited": "2014-12-20T21:17:50.317000Z",
	"url": "https://swapi.info/api/people/6"
}

Response headers: {'Date': 'Sun, 20 Sep 2026 12:38:42 GMT', 'Content-Type': 'application/json', 'Content-Length': '530', 'Connection': 'keep-alive', 'Accept-Ranges': 'bytes', 'access-control-allow-headers': 'Content-Type', 'access-control-allow-methods': 'GET, OPTIONS', 'access-control-allow-origin': '*', 'Cache-Control': 'public, max-age=0, must-revalidate, no-store', 'cache-status': '"Netlify Edge"; fwd=miss; fwd-status=200; stored', 'etag': '"f54ef4ae06680dce77d8c089d2995878-ssl"', 'Server': 'cloudflare', 'strict-transport-security': 'max-age=31536000', 'x-nf-request-id': '01M2QP72TBSW69YB7TZTXAZVYT', 'Nel': '{"report_to":"cf-nel","success_fraction":0.0,"max_age":604800}', 'Age': '258990', 'cf-cache-status': 'HIT', 'Report-To': '{"group":"cf-nel","max_age":604800,"endpoints":[{"url":"https://a.nel.cloudflare.com/report/v4?s=yROaFilPvwZjGluWwaouED1VZM13bICPexRS1oW5T%2FXTvE1ASaBL6zWRT0hjQQLThYsvPqW9Na4cJGmUtwDMFgY3ZFxHtKJSMMe1wQwcTU4qvF6NVZLW0vBC%2BYZm89nR%2FXp%2Fot7cdYPX"}]}', 'CF-RAY': 'a3e0e3808c9bff2d-AMS', 'alt-svc': 'h3=":443"; ma=86400'}
Response cookies: {}

-----

-----
Test: tests/test_get_characters_from_films.py::TestCharacterFilms::test_get_characters_from_films (call)
Time: 2026-09-20 15:38:42.753281
Request method: GET
Request URL: https://swapi.info/api/people/7

Response code: 200
Response text: {
	"name": "Beru Whitesun lars",
	"height": "165",
	"mass": "75",
	"hair_color": "brown",
	"skin_color": "light",
	"eye_color": "blue",
	"birth_year": "47BBY",
	"gender": "female",
	"homeworld": "https://swapi.info/api/planets/1",
	"films": [
		"https://swapi.info/api/films/1",
		"https://swapi.info/api/films/5",
		"https://swapi.info/api/films/6"
	],
	"species": [],
	"vehicles": [],
	"starships": [],
	"created": "2014-12-10T15:53:41.121000Z",
	"edited": "2014-12-20T21:17:50.319000Z",
	"url": "https://swapi.info/api/people/7"
}

Response headers: {'Date': 'Sun, 20 Sep 2026 12:38:42 GMT', 'Content-Type': 'application/json', 'Content-Length': '534', 'Connection': 'keep-alive', 'Accept-Ranges': 'bytes', 'access-control-allow-headers': 'Content-Type', 'access-control-allow-methods': 'GET, OPTIONS', 'access-control-allow-origin': '*', 'Cache-Control': 'public, max-age=0, must-revalidate, no-store', 'cache-status': '"Netlify Edge"; fwd=miss; fwd-status=200; stored', 'etag': '"437cf4a5520b4c15431648195c53624b-ssl"', 'Server': 'cloudflare', 'strict-transport-security': 'max-age=31536000', 'x-nf-request-id': '01M2PNZAAM1MWXH0YEMPJCPZRB', 'Nel': '{"report_to":"cf-nel","success_fraction":0.0,"max_age":604800}', 'Age': '292799', 'cf-cache-status': 'HIT', 'Report-To': '{"group":"cf-nel","max_age":604800,"endpoints":[{"url":"https://a.nel.cloudflare.com/report/v4?s=ICVtBoB7R4hs3%2BhvmhiIVHQZai0weExbO045rIp%2BWx81Z%2FrccOJjQqPZKBC5LLr93F0ttHknOm%2FH0gDS6vxOCecpZRL1Wwle16kdSgheovcjkU7QfwJB5ybWBWJjoSARWo5kCmbSKU5v"}]}', 'CF-RAY': 'a3e0e3834a3ed8b6-LHR', 'alt-svc': 'h3=":443"; ma=86400'}
Response cookies: {}

-----

-----
Test: tests/test_get_characters_from_films.py::TestCharacterFilms::test_get_characters_from_films (call)
Time: 2026-09-20 15:38:43.206019
Request method: GET
Request URL: https://swapi.info/api/people/10

Response code: 200
Response text: {
	"name": "Obi-Wan Kenobi",
	"height": "182",
	"mass": "77",
	"hair_color": "auburn, white",
	"skin_color": "fair",
	"eye_color": "blue-gray",
	"birth_year": "57BBY",
	"gender": "male",
	"homeworld": "https://swapi.info/api/planets/20",
	"films": [
		"https://swapi.info/api/films/1",
		"https://swapi.info/api/films/2",
		"https://swapi.info/api/films/3",
		"https://swapi.info/api/films/4",
		"https://swapi.info/api/films/5",
		"https://swapi.info/api/films/6"
	],
	"species": [],
	"vehicles": ["https://swapi.info/api/vehicles/38"],
	"starships": [
		"https://swapi.info/api/starships/48",
		"https://swapi.info/api/starships/59",
		"https://swapi.info/api/starships/64",
		"https://swapi.info/api/starships/65",
		"https://swapi.info/api/starships/74"
	],
	"created": "2014-12-10T16:16:29.192000Z",
	"edited": "2014-12-20T21:17:50.325000Z",
	"url": "https://swapi.info/api/people/10"
}

Response headers: {'Date': 'Sun, 20 Sep 2026 12:38:42 GMT', 'Content-Type': 'application/json', 'Content-Length': '892', 'Connection': 'keep-alive', 'Accept-Ranges': 'bytes', 'access-control-allow-headers': 'Content-Type', 'access-control-allow-methods': 'GET, OPTIONS', 'access-control-allow-origin': '*', 'Age': '56677', 'Cache-Control': 'public, max-age=0, must-revalidate, no-store', 'cache-status': '"Netlify Edge"; fwd=miss; fwd-status=200; stored', 'etag': '"73d3caa3853a292419a88877d000f8b7-ssl"', 'Server': 'cloudflare', 'strict-transport-security': 'max-age=31536000', 'x-nf-request-id': '01M2XQ56BDJAS5YFM23FYWGV84', 'cf-cache-status': 'HIT', 'Report-To': '{"group":"cf-nel","max_age":604800,"endpoints":[{"url":"https://a.nel.cloudflare.com/report/v4?s=UY%2B65MoOmjzDRtEYY6K8beXD%2ByLHhmQM6yFxab5lQjsUOZzv9V0Dko%2BIzeelgqKfrEZjcoijyMc0ng2s1XyOCjpMhumMFUZVmZEQGRwu0%2FZzHwXwt6648h1a7wYIW6XxtZDtlY4zyjcT"}]}', 'Nel': '{"report_to":"cf-nel","success_fraction":0.0,"max_age":604800}', 'CF-RAY': 'a3e0e3860b04656d-AMS', 'alt-svc': 'h3=":443"; ma=86400'}
Response cookies: {}

-----

-----
Test: tests/test_get_characters_from_films.py::TestCharacterFilms::test_get_characters_from_films (call)
Time: 2026-09-20 15:38:43.647816
Request method: GET
Request URL: https://swapi.info/api/people/11

Response code: 200
Response text: {
	"name": "Anakin Skywalker",
	"height": "188",
	"mass": "84",
	"hair_color": "blond",
	"skin_color": "fair",
	"eye_color": "blue",
	"birth_year": "41.9BBY",
	"gender": "male",
	"homeworld": "https://swapi.info/api/planets/1",
	"films": [
		"https://swapi.info/api/films/4",
		"https://swapi.info/api/films/5",
		"https://swapi.info/api/films/6"
	],
	"species": [],
	"vehicles": [
		"https://swapi.info/api/vehicles/44",
		"https://swapi.info/api/vehicles/46"
	],
	"starships": [
		"https://swapi.info/api/starships/39",
		"https://swapi.info/api/starships/59",
		"https://swapi.info/api/starships/65"
	],
	"created": "2014-12-10T16:20:44.310000Z",
	"edited": "2014-12-20T21:17:50.327000Z",
	"url": "https://swapi.info/api/people/11"
}

Response headers: {'Date': 'Sun, 20 Sep 2026 12:38:43 GMT', 'Content-Type': 'application/json', 'Content-Length': '737', 'Connection': 'keep-alive', 'Accept-Ranges': 'bytes', 'access-control-allow-headers': 'Content-Type', 'access-control-allow-methods': 'GET, OPTIONS', 'access-control-allow-origin': '*', 'Cache-Control': 'public, max-age=0, must-revalidate, no-store', 'cache-status': '"Netlify Edge"; fwd=miss; fwd-status=200; stored', 'etag': '"ec3d41e3e737ebb46cd08f495e1debba-ssl"', 'Server': 'cloudflare', 'strict-transport-security': 'max-age=31536000', 'x-nf-request-id': '01M2R4FNYFQJBDDJQN8ARRRY4T', 'Nel': '{"report_to":"cf-nel","success_fraction":0.0,"max_age":604800}', 'Age': '244029', 'cf-cache-status': 'HIT', 'Report-To': '{"group":"cf-nel","max_age":604800,"endpoints":[{"url":"https://a.nel.cloudflare.com/report/v4?s=19EHXokEWAUGbDrUU2LgWBr23a3JBMGQ2Y99NsFTxRlzbOoABHORlgAxz1Drc60day19G1qbEBVQjKWpH6ypVEEqC7V0zDcuKr1KAA4FdfjVxLRs3HfnrjHXMVIizzsqOdMI3aiQVa0A"}]}', 'CF-RAY': 'a3e0e388d845f5c9-AMS', 'alt-svc': 'h3=":443"; ma=86400'}
Response cookies: {}

-----

-----
Test: tests/test_get_characters_from_films.py::TestCharacterFilms::test_get_characters_from_films (call)
Time: 2026-09-20 15:38:44.083012
Request method: GET
Request URL: https://swapi.info/api/people/12

Response code: 200
Response text: {
	"name": "Wilhuff Tarkin",
	"height": "180",
	"mass": "unknown",
	"hair_color": "auburn, grey",
	"skin_color": "fair",
	"eye_color": "blue",
	"birth_year": "64BBY",
	"gender": "male",
	"homeworld": "https://swapi.info/api/planets/21",
	"films": ["https://swapi.info/api/films/1", "https://swapi.info/api/films/6"],
	"species": [],
	"vehicles": [],
	"starships": [],
	"created": "2014-12-10T16:26:56.138000Z",
	"edited": "2014-12-20T21:17:50.330000Z",
	"url": "https://swapi.info/api/people/12"
}

Response headers: {'Date': 'Sun, 20 Sep 2026 12:38:43 GMT', 'Content-Type': 'application/json', 'Content-Length': '498', 'Connection': 'keep-alive', 'Accept-Ranges': 'bytes', 'access-control-allow-headers': 'Content-Type', 'access-control-allow-methods': 'GET, OPTIONS', 'access-control-allow-origin': '*', 'Cache-Control': 'public, max-age=0, must-revalidate, no-store', 'cache-status': '"Netlify Edge"; fwd=miss; fwd-status=200; stored', 'etag': '"0f1f26ee1fbb3f09191be2a1629266ba-ssl"', 'Server': 'cloudflare', 'strict-transport-security': 'max-age=31536000', 'x-nf-request-id': '01M2R4FNYXJ0G1CAGR9RJ93W58', 'Nel': '{"report_to":"cf-nel","success_fraction":0.0,"max_age":604800}', 'Age': '244030', 'cf-cache-status': 'HIT', 'Report-To': '{"group":"cf-nel","max_age":604800,"endpoints":[{"url":"https://a.nel.cloudflare.com/report/v4?s=pXgTLXN%2FIokMyLWurKS9dhPwdiiKmguCnyyiBpr%2BaTIkpyvpc4dOx9Dr9FCEvo8M93%2FVmjub1N6dDt%2Fk4q%2FHuwu6cA%2BwaU37cbHnTDsYP9bY4kIOafIf8bOt0kJdK%2BMauragYZO9AV%2FM"}]}', 'CF-RAY': 'a3e0e38bbb9d0bde-AMS', 'alt-svc': 'h3=":443"; ma=86400'}
Response cookies: {}

-----

-----
Test: tests/test_get_characters_from_films.py::TestCharacterFilms::test_get_characters_from_films (call)
Time: 2026-09-20 15:38:44.583796
Request method: GET
Request URL: https://swapi.info/api/people/13

Response code: 200
Response text: {
	"name": "Chewbacca",
	"height": "228",
	"mass": "112",
	"hair_color": "brown",
	"skin_color": "unknown",
	"eye_color": "blue",
	"birth_year": "200BBY",
	"gender": "male",
	"homeworld": "https://swapi.info/api/planets/14",
	"films": [
		"https://swapi.info/api/films/1",
		"https://swapi.info/api/films/2",
		"https://swapi.info/api/films/3",
		"https://swapi.info/api/films/6"
	],
	"species": ["https://swapi.info/api/species/3"],
	"vehicles": ["https://swapi.info/api/vehicles/19"],
	"starships": [
		"https://swapi.info/api/starships/10",
		"https://swapi.info/api/starships/22"
	],
	"created": "2014-12-10T16:42:45.066000Z",
	"edited": "2014-12-20T21:17:50.332000Z",
	"url": "https://swapi.info/api/people/13"
}

Response headers: {'Date': 'Sun, 20 Sep 2026 12:38:44 GMT', 'Content-Type': 'application/json', 'Content-Length': '718', 'Connection': 'keep-alive', 'Accept-Ranges': 'bytes', 'access-control-allow-headers': 'Content-Type', 'access-control-allow-methods': 'GET, OPTIONS', 'access-control-allow-origin': '*', 'Age': '7231', 'Cache-Control': 'public, max-age=0, must-revalidate, no-store', 'cache-status': '"Netlify Edge"; fwd=miss; fwd-status=200; stored', 'etag': '"008f2dbae9752541cd116a94ca2fbe07-ssl"', 'Server': 'cloudflare', 'strict-transport-security': 'max-age=31536000', 'x-nf-request-id': '01M2Z6A6MRE08XS130C5PQHG7X', 'cf-cache-status': 'HIT', 'Report-To': '{"group":"cf-nel","max_age":604800,"endpoints":[{"url":"https://a.nel.cloudflare.com/report/v4?s=g5NL4%2FeADtH%2BGq7xIUQdyc37lphmioRy%2FVNaUW1ukHd8DFd8bABVDK7gJ2hrlE03rAw4rc1%2FEOIbAb7lZj8P0k%2BZbEjz%2FZ%2BOtS592F9l3v3wA3FHdBtU97YaSwydIAhP%2BpxiKe%2BTGWDf"}]}', 'Nel': '{"report_to":"cf-nel","success_fraction":0.0,"max_age":604800}', 'CF-RAY': 'a3e0e38e9efeffff-AMS', 'alt-svc': 'h3=":443"; ma=86400'}
Response cookies: {}

-----

-----
Test: tests/test_get_characters_from_films.py::TestCharacterFilms::test_get_characters_from_films (call)
Time: 2026-09-20 15:38:44.994723
Request method: GET
Request URL: https://swapi.info/api/people/20

Response code: 200
Response text: {
	"name": "Yoda",
	"height": "66",
	"mass": "17",
	"hair_color": "white",
	"skin_color": "green",
	"eye_color": "brown",
	"birth_year": "896BBY",
	"gender": "male",
	"homeworld": "https://swapi.info/api/planets/28",
	"films": [
		"https://swapi.info/api/films/2",
		"https://swapi.info/api/films/3",
		"https://swapi.info/api/films/4",
		"https://swapi.info/api/films/5",
		"https://swapi.info/api/films/6"
	],
	"species": ["https://swapi.info/api/species/6"],
	"vehicles": [],
	"starships": [],
	"created": "2014-12-15T12:26:01.042000Z",
	"edited": "2014-12-20T21:17:50.345000Z",
	"url": "https://swapi.info/api/people/20"
}

Response headers: {'Date': 'Sun, 20 Sep 2026 12:38:44 GMT', 'Content-Type': 'application/json', 'Content-Length': '627', 'Connection': 'keep-alive', 'Accept-Ranges': 'bytes', 'access-control-allow-headers': 'Content-Type', 'access-control-allow-methods': 'GET, OPTIONS', 'access-control-allow-origin': '*', 'Age': '7223', 'Cache-Control': 'public, max-age=0, must-revalidate, no-store', 'cache-status': '"Netlify Edge"; fwd=miss; fwd-status=200; stored', 'etag': '"6bc54b1da8194a58d02635f3d8a93903-ssl"', 'Server': 'cloudflare', 'strict-transport-security': 'max-age=31536000', 'x-nf-request-id': '01M2Z6AF9ERY8CYYYS3ZTAWWYM', 'cf-cache-status': 'HIT', 'Report-To': '{"group":"cf-nel","max_age":604800,"endpoints":[{"url":"https://a.nel.cloudflare.com/report/v4?s=WqOFSzIps%2Bp%2BbC%2BHrguuoG9yWGyV9qi6pL2gX%2FM8gVT9vkRVNdD8qrbg58ZATS5elULSD9yw4EIBdPzOtcFNWilsRLAAqI%2F6bvCoJdujRj825TbFTNddrfrLGco1E9jLdvfAjFKroAuS"}]}', 'Nel': '{"report_to":"cf-nel","success_fraction":0.0,"max_age":604800}', 'CF-RAY': 'a3e0e392380eb902-AMS', 'alt-svc': 'h3=":443"; ma=86400'}
Response cookies: {}

-----

-----
Test: tests/test_get_characters_from_films.py::TestCharacterFilms::test_get_characters_from_films (call)
Time: 2026-09-20 15:38:45.598081
Request method: GET
Request URL: https://swapi.info/api/people/21

Response code: 200
Response text: {
	"name": "Palpatine",
	"height": "170",
	"mass": "75",
	"hair_color": "grey",
	"skin_color": "pale",
	"eye_color": "yellow",
	"birth_year": "82BBY",
	"gender": "male",
	"homeworld": "https://swapi.info/api/planets/8",
	"films": [
		"https://swapi.info/api/films/2",
		"https://swapi.info/api/films/3",
		"https://swapi.info/api/films/4",
		"https://swapi.info/api/films/5",
		"https://swapi.info/api/films/6"
	],
	"species": [],
	"vehicles": [],
	"starships": [],
	"created": "2014-12-15T12:48:05.971000Z",
	"edited": "2014-12-20T21:17:50.347000Z",
	"url": "https://swapi.info/api/people/21"
}

Response headers: {'Date': 'Sun, 20 Sep 2026 12:38:45 GMT', 'Content-Type': 'application/json', 'Content-Length': '596', 'Connection': 'keep-alive', 'Accept-Ranges': 'bytes', 'access-control-allow-headers': 'Content-Type', 'access-control-allow-methods': 'GET, OPTIONS', 'access-control-allow-origin': '*', 'Cache-Control': 'public, max-age=0, must-revalidate, no-store', 'cache-status': '"Netlify Edge"; fwd=miss; fwd-status=200; stored', 'etag': '"74a0ebeef92f4d0a32186e4bd9aa63ca-ssl"', 'Server': 'cloudflare', 'strict-transport-security': 'max-age=31536000', 'x-nf-request-id': '01M2Z6AG091N3SESWEWFN64WAZ', 'Nel': '{"report_to":"cf-nel","success_fraction":0.0,"max_age":604800}', 'Age': '7223', 'cf-cache-status': 'HIT', 'Report-To': '{"group":"cf-nel","max_age":604800,"endpoints":[{"url":"https://a.nel.cloudflare.com/report/v4?s=7EL26oY4Ca6%2BvDgTT0TUjhYsvehGo80P3Q%2F%2BDrMU2fA%2FIt153ZAGY4G8EVgyWWJN9zjAtPdMuUlohCl9phmjXfCm1p%2BeYm8f1CJjg2hjILKVGfwDK2ZFiXfsoo%2BEu9msYbSrcjLy7TPk"}]}', 'CF-RAY': 'a3e0e395092e3431-LHR', 'alt-svc': 'h3=":443"; ma=86400'}
Response cookies: {}

-----

-----
Test: tests/test_get_characters_from_films.py::TestCharacterFilms::test_get_characters_from_films (call)
Time: 2026-09-20 15:38:46.027691
Request method: GET
Request URL: https://swapi.info/api/people/33

Response code: 200
Response text: {
	"name": "Nute Gunray",
	"height": "191",
	"mass": "90",
	"hair_color": "none",
	"skin_color": "mottled green",
	"eye_color": "red",
	"birth_year": "unknown",
	"gender": "male",
	"homeworld": "https://swapi.info/api/planets/18",
	"films": [
		"https://swapi.info/api/films/4",
		"https://swapi.info/api/films/5",
		"https://swapi.info/api/films/6"
	],
	"species": ["https://swapi.info/api/species/11"],
	"vehicles": [],
	"starships": [],
	"created": "2014-12-19T17:05:57.357000Z",
	"edited": "2014-12-20T21:17:50.377000Z",
	"url": "https://swapi.info/api/people/33"
}

Response headers: {'Date': 'Sun, 20 Sep 2026 12:38:45 GMT', 'Content-Type': 'application/json', 'Content-Length': '570', 'Connection': 'keep-alive', 'Accept-Ranges': 'bytes', 'access-control-allow-headers': 'Content-Type', 'access-control-allow-methods': 'GET, OPTIONS', 'access-control-allow-origin': '*', 'Cache-Control': 'public, max-age=0, must-revalidate, no-store', 'cache-status': '"Netlify Edge"; fwd=miss; fwd-status=200; stored', 'etag': '"f7855db2507803f404cafe2cce0deb27-ssl"', 'Server': 'cloudflare', 'strict-transport-security': 'max-age=31536000', 'x-nf-request-id': '01M2R4FPXGH95ZQ47HSBFTQKZJ', 'Nel': '{"report_to":"cf-nel","success_fraction":0.0,"max_age":604800}', 'Age': '244031', 'cf-cache-status': 'HIT', 'Report-To': '{"group":"cf-nel","max_age":604800,"endpoints":[{"url":"https://a.nel.cloudflare.com/report/v4?s=mB2o05SqSPfi5NUr4aqMEbcvRelupFVJR2uaIV7xznCyo0kOO9YJnjUXlqxyuUWlu50nx8KJzRGTCREtlQzTU20MZrlE3yWt4IcaRy4pEujDX0q3E2cItsrLS0HKl%2Bs4x3s6%2BlVTrnay"}]}', 'CF-RAY': 'a3e0e3979ae9fe93-AMS', 'alt-svc': 'h3=":443"; ma=86400'}
Response cookies: {}

-----

-----
Test: tests/test_get_characters_from_films.py::TestCharacterFilms::test_get_characters_from_films (call)
Time: 2026-09-20 15:38:46.443728
Request method: GET
Request URL: https://swapi.info/api/people/35

Response code: 200
Response text: {
	"name": "Padmé Amidala",
	"height": "185",
	"mass": "45",
	"hair_color": "brown",
	"skin_color": "light",
	"eye_color": "brown",
	"birth_year": "46BBY",
	"gender": "female",
	"homeworld": "https://swapi.info/api/planets/8",
	"films": [
		"https://swapi.info/api/films/4",
		"https://swapi.info/api/films/5",
		"https://swapi.info/api/films/6"
	],
	"species": [],
	"vehicles": [],
	"starships": [
		"https://swapi.info/api/starships/39",
		"https://swapi.info/api/starships/49",
		"https://swapi.info/api/starships/64"
	],
	"created": "2014-12-19T17:28:26.926000Z",
	"edited": "2014-12-20T21:17:50.381000Z",
	"url": "https://swapi.info/api/people/35"
}

Response headers: {'Date': 'Sun, 20 Sep 2026 12:38:46 GMT', 'Content-Type': 'application/json', 'Content-Length': '656', 'Connection': 'keep-alive', 'Accept-Ranges': 'bytes', 'access-control-allow-headers': 'Content-Type', 'access-control-allow-methods': 'GET, OPTIONS', 'access-control-allow-origin': '*', 'Age': '37532', 'Cache-Control': 'public, max-age=0, must-revalidate, no-store', 'cache-status': '"Netlify Edge"; fwd=miss; fwd-status=200; stored', 'etag': '"955dae0df41ee7c4c21902ae91adc79d-ssl"', 'Server': 'cloudflare', 'strict-transport-security': 'max-age=31536000', 'x-nf-request-id': '01M2Y9DJAJ44Y3X95H0KW697V1', 'cf-cache-status': 'HIT', 'Report-To': '{"group":"cf-nel","max_age":604800,"endpoints":[{"url":"https://a.nel.cloudflare.com/report/v4?s=PgFOii3oF0ObkZRvjn5cV20oSpI8AqhmfP0f%2F7dCV8flBhvg2s6Gy1JfIkixkr%2FFmvfHdwrMeyzb2EpUPtIfZCm47ueD6IsZpgZ%2FVCIDdRgwLcxXwFUSD1zcaP31cMQjCJOQeI0eI8ig"}]}', 'Nel': '{"report_to":"cf-nel","success_fraction":0.0,"max_age":604800}', 'CF-RAY': 'a3e0e39b1db34f72-AMS', 'alt-svc': 'h3=":443"; ma=86400'}
Response cookies: {}

-----

-----
Test: tests/test_get_characters_from_films.py::TestCharacterFilms::test_get_characters_from_films (call)
Time: 2026-09-20 15:38:47.007505
Request method: GET
Request URL: https://swapi.info/api/people/46

Response code: 200
Response text: {
	"name": "Ayla Secura",
	"height": "178",
	"mass": "55",
	"hair_color": "none",
	"skin_color": "blue",
	"eye_color": "hazel",
	"birth_year": "48BBY",
	"gender": "female",
	"homeworld": "https://swapi.info/api/planets/37",
	"films": [
		"https://swapi.info/api/films/4",
		"https://swapi.info/api/films/5",
		"https://swapi.info/api/films/6"
	],
	"species": ["https://swapi.info/api/species/15"],
	"vehicles": [],
	"starships": [],
	"created": "2014-12-20T09:48:01.172000Z",
	"edited": "2014-12-20T21:17:50.409000Z",
	"url": "https://swapi.info/api/people/46"
}

Response headers: {'Date': 'Sun, 20 Sep 2026 12:38:46 GMT', 'Content-Type': 'application/json', 'Content-Length': '563', 'Connection': 'keep-alive', 'Accept-Ranges': 'bytes', 'access-control-allow-headers': 'Content-Type', 'access-control-allow-methods': 'GET, OPTIONS', 'access-control-allow-origin': '*', 'Age': '7203', 'Cache-Control': 'public, max-age=0, must-revalidate, no-store', 'cache-status': '"Netlify Edge"; fwd=miss; fwd-status=200; stored', 'etag': '"400ca3bf08d806617a9984f1da874fa1-ssl"', 'Server': 'cloudflare', 'strict-transport-security': 'max-age=31536000', 'x-nf-request-id': '01M2Z6B4PWCYN8K48D1DWYQY0F', 'cf-cache-status': 'HIT', 'Report-To': '{"group":"cf-nel","max_age":604800,"endpoints":[{"url":"https://a.nel.cloudflare.com/report/v4?s=k3lJtqXbbeSfQcI%2FgccN0WpS7mSCrH0yhj6QDrgzQWJMD6QDzh7DwcXTHIm9qDFNJNFhGx0PFpVUlxjvaJBxJ3vSFrXJrfssKa45Em5ZzQa3ykF2h2%2BfoCIxoPT%2BE53Wh6Pr26%2Fn%2F%2Fqr"}]}', 'Nel': '{"report_to":"cf-nel","success_fraction":0.0,"max_age":604800}', 'CF-RAY': 'a3e0e39df8bb86dc-AMS', 'alt-svc': 'h3=":443"; ma=86400'}
Response cookies: {}

-----

-----
Test: tests/test_get_characters_from_films.py::TestCharacterFilms::test_get_characters_from_films (call)
Time: 2026-09-20 15:38:47.471109
Request method: GET
Request URL: https://swapi.info/api/people/51

Response code: 200
Response text: {
	"name": "Mace Windu",
	"height": "188",
	"mass": "84",
	"hair_color": "none",
	"skin_color": "dark",
	"eye_color": "brown",
	"birth_year": "72BBY",
	"gender": "male",
	"homeworld": "https://swapi.info/api/planets/42",
	"films": [
		"https://swapi.info/api/films/4",
		"https://swapi.info/api/films/5",
		"https://swapi.info/api/films/6"
	],
	"species": [],
	"vehicles": [],
	"starships": [],
	"created": "2014-12-20T10:12:30.846000Z",
	"edited": "2014-12-20T21:17:50.420000Z",
	"url": "https://swapi.info/api/people/51"
}

Response headers: {'Date': 'Sun, 20 Sep 2026 12:38:47 GMT', 'Content-Type': 'application/json', 'Content-Length': '525', 'Connection': 'keep-alive', 'Accept-Ranges': 'bytes', 'access-control-allow-headers': 'Content-Type', 'access-control-allow-methods': 'GET, OPTIONS', 'access-control-allow-origin': '*', 'Age': '7203', 'Cache-Control': 'public, max-age=0, must-revalidate, no-store', 'cache-status': '"Netlify Edge"; fwd=miss; fwd-status=200; stored', 'etag': '"0d2e5250717d856e0defc53030738b72-ssl"', 'Server': 'cloudflare', 'strict-transport-security': 'max-age=31536000', 'x-nf-request-id': '01M2Z6B5FN2DY2N4T2KZAAM375', 'cf-cache-status': 'HIT', 'Report-To': '{"group":"cf-nel","max_age":604800,"endpoints":[{"url":"https://a.nel.cloudflare.com/report/v4?s=DBAInFIrhtjO9QCi4COAbMydpjt4GA%2BQW87VmsmE5d3d0nzUrhk75p4YjugrSOUrAjMZQqIX6Pjp9hvirdUoFUkYykIp1aXqf42Aqf44koem%2B%2BRlH%2Bij0gFnSRX0p9AXf0xlOcTPUYUT"}]}', 'Nel': '{"report_to":"cf-nel","success_fraction":0.0,"max_age":604800}', 'CF-RAY': 'a3e0e3a0ef1644aa-AMS', 'alt-svc': 'h3=":443"; ma=86400'}
Response cookies: {}

-----

-----
Test: tests/test_get_characters_from_films.py::TestCharacterFilms::test_get_characters_from_films (call)
Time: 2026-09-20 15:38:47.947360
Request method: GET
Request URL: https://swapi.info/api/people/52

Response code: 200
Response text: {
	"name": "Ki-Adi-Mundi",
	"height": "198",
	"mass": "82",
	"hair_color": "white",
	"skin_color": "pale",
	"eye_color": "yellow",
	"birth_year": "92BBY",
	"gender": "male",
	"homeworld": "https://swapi.info/api/planets/43",
	"films": [
		"https://swapi.info/api/films/4",
		"https://swapi.info/api/films/5",
		"https://swapi.info/api/films/6"
	],
	"species": ["https://swapi.info/api/species/20"],
	"vehicles": [],
	"starships": [],
	"created": "2014-12-20T10:15:32.293000Z",
	"edited": "2014-12-20T21:17:50.422000Z",
	"url": "https://swapi.info/api/people/52"
}

Response headers: {'Date': 'Sun, 20 Sep 2026 12:38:47 GMT', 'Content-Type': 'application/json', 'Content-Length': '564', 'Connection': 'keep-alive', 'Accept-Ranges': 'bytes', 'access-control-allow-headers': 'Content-Type', 'access-control-allow-methods': 'GET, OPTIONS', 'access-control-allow-origin': '*', 'Cache-Control': 'public, max-age=0, must-revalidate, no-store', 'cache-status': '"Netlify Edge"; fwd=miss; fwd-status=200; stored', 'etag': '"b2fcab9f437d0bdd7a7b7d74f2025128-ssl"', 'Server': 'cloudflare', 'strict-transport-security': 'max-age=31536000', 'x-nf-request-id': '01M2R4FW7CAEDXDX1BX0HZYTG3', 'Nel': '{"report_to":"cf-nel","success_fraction":0.0,"max_age":604800}', 'Age': '244027', 'cf-cache-status': 'HIT', 'Report-To': '{"group":"cf-nel","max_age":604800,"endpoints":[{"url":"https://a.nel.cloudflare.com/report/v4?s=QT67j8e06KjXI4AYqw862YWp2wFZGIArJuPMqfgG6YY9lJsBwsai0E5S%2Fg10Jt4KQYW0yJDC5MoIyTnpbPKSf6BsB%2BZjlW6cSw4DFkJENxRKvyebfhQOysal5egEyrkHu%2F8dD%2BlbTpWO"}]}', 'CF-RAY': 'a3e0e3a48aa163f4-LHR', 'alt-svc': 'h3=":443"; ma=86400'}
Response cookies: {}

-----

-----
Test: tests/test_get_characters_from_films.py::TestCharacterFilms::test_get_characters_from_films (call)
Time: 2026-09-20 15:38:48.527460
Request method: GET
Request URL: https://swapi.info/api/people/53

Response code: 200
Response text: {
	"name": "Kit Fisto",
	"height": "196",
	"mass": "87",
	"hair_color": "none",
	"skin_color": "green",
	"eye_color": "black",
	"birth_year": "unknown",
	"gender": "male",
	"homeworld": "https://swapi.info/api/planets/44",
	"films": [
		"https://swapi.info/api/films/4",
		"https://swapi.info/api/films/5",
		"https://swapi.info/api/films/6"
	],
	"species": ["https://swapi.info/api/species/21"],
	"vehicles": [],
	"starships": [],
	"created": "2014-12-20T10:18:57.202000Z",
	"edited": "2014-12-20T21:17:50.424000Z",
	"url": "https://swapi.info/api/people/53"
}

Response headers: {'Date': 'Sun, 20 Sep 2026 12:38:48 GMT', 'Content-Type': 'application/json', 'Content-Length': '562', 'Connection': 'keep-alive', 'Accept-Ranges': 'bytes', 'access-control-allow-headers': 'Content-Type', 'access-control-allow-methods': 'GET, OPTIONS', 'access-control-allow-origin': '*', 'Cache-Control': 'public, max-age=0, must-revalidate, no-store', 'cache-status': '"Netlify Edge"; fwd=miss; fwd-status=200; stored', 'etag': '"f20ed17b8dfdbcbaa76cc15d531dd17d-ssl"', 'Server': 'cloudflare', 'strict-transport-security': 'max-age=31536000', 'x-nf-request-id': '01M2R4FW6V87CMTH6XZQ9E42N6', 'Nel': '{"report_to":"cf-nel","success_fraction":0.0,"max_age":604800}', 'Age': '244028', 'cf-cache-status': 'HIT', 'Report-To': '{"group":"cf-nel","max_age":604800,"endpoints":[{"url":"https://a.nel.cloudflare.com/report/v4?s=rbgONSct477gtrWTOF4odPQAOYnaCQLyh05TCkDLStXYHJT9qcUdr0xMmliYmrjsWqm9IlJtaOxA%2BXIL%2FVqbZq6WRfdnqlIcI2XZ9W2r3RR0p1cUPArnhKmcJuSVpClnZeUhu9dYzTYa"}]}', 'CF-RAY': 'a3e0e3a77d2411cb-AMS', 'alt-svc': 'h3=":443"; ma=86400'}
Response cookies: {}

-----

-----
Test: tests/test_get_characters_from_films.py::TestCharacterFilms::test_get_characters_from_films (call)
Time: 2026-09-20 15:38:48.976690
Request method: GET
Request URL: https://swapi.info/api/people/54

Response code: 200
Response text: {
	"name": "Eeth Koth",
	"height": "171",
	"mass": "unknown",
	"hair_color": "black",
	"skin_color": "brown",
	"eye_color": "brown",
	"birth_year": "unknown",
	"gender": "male",
	"homeworld": "https://swapi.info/api/planets/45",
	"films": ["https://swapi.info/api/films/4", "https://swapi.info/api/films/6"],
	"species": ["https://swapi.info/api/species/22"],
	"vehicles": [],
	"starships": [],
	"created": "2014-12-20T10:26:47.902000Z",
	"edited": "2014-12-20T21:17:50.427000Z",
	"url": "https://swapi.info/api/people/54"
}

Response headers: {'Date': 'Sun, 20 Sep 2026 12:38:48 GMT', 'Content-Type': 'application/json', 'Content-Length': '525', 'Connection': 'keep-alive', 'Accept-Ranges': 'bytes', 'access-control-allow-headers': 'Content-Type', 'access-control-allow-methods': 'GET, OPTIONS', 'access-control-allow-origin': '*', 'Age': '7203', 'Cache-Control': 'public, max-age=0, must-revalidate, no-store', 'cache-status': '"Netlify Edge"; fwd=miss; fwd-status=200; stored', 'etag': '"d25ec482845415b0b7859ef0f830da55-ssl"', 'Server': 'cloudflare', 'strict-transport-security': 'max-age=31536000', 'x-nf-request-id': '01M2Z6B73A4S5WKMRE3AVGR9KE', 'cf-cache-status': 'HIT', 'Report-To': '{"group":"cf-nel","max_age":604800,"endpoints":[{"url":"https://a.nel.cloudflare.com/report/v4?s=lrW4o%2F5NwGnOly3T2vinuDJ3tZHGRwno1IGElfRfGBDYiOMpcUT%2FMEuuaB7wSGF%2FCxyQysAGyW8ey%2BR5NDjRczIctazq1261WUVp2TG5dgK3lHa6ROp8U3xpclt8rOAPFcoDwvnaZ9It"}]}', 'Nel': '{"report_to":"cf-nel","success_fraction":0.0,"max_age":604800}', 'CF-RAY': 'a3e0e3aa0b1bd596-AMS', 'alt-svc': 'h3=":443"; ma=86400'}
Response cookies: {}

-----

-----
Test: tests/test_get_characters_from_films.py::TestCharacterFilms::test_get_characters_from_films (call)
Time: 2026-09-20 15:38:49.408023
Request method: GET
Request URL: https://swapi.info/api/people/55

Response code: 200
Response text: {
	"name": "Adi Gallia",
	"height": "184",
	"mass": "50",
	"hair_color": "none",
	"skin_color": "dark",
	"eye_color": "blue",
	"birth_year": "unknown",
	"gender": "female",
	"homeworld": "https://swapi.info/api/planets/9",
	"films": ["https://swapi.info/api/films/4", "https://swapi.info/api/films/6"],
	"species": ["https://swapi.info/api/species/23"],
	"vehicles": [],
	"starships": [],
	"created": "2014-12-20T10:29:11.661000Z",
	"edited": "2014-12-20T21:17:50.432000Z",
	"url": "https://swapi.info/api/people/55"
}

Response headers: {'Date': 'Sun, 20 Sep 2026 12:38:49 GMT', 'Content-Type': 'application/json', 'Content-Length': '519', 'Connection': 'keep-alive', 'Accept-Ranges': 'bytes', 'access-control-allow-headers': 'Content-Type', 'access-control-allow-methods': 'GET, OPTIONS', 'access-control-allow-origin': '*', 'Cache-Control': 'public, max-age=0, must-revalidate, no-store', 'cache-status': '"Netlify Edge"; fwd=miss; fwd-status=200; stored', 'etag': '"aa91e99fa02206a033d54d16e5ecf930-ssl"', 'Server': 'cloudflare', 'strict-transport-security': 'max-age=31536000', 'x-nf-request-id': '01M2R4FWC5WSVT57KQ2D9VYTCE', 'Nel': '{"report_to":"cf-nel","success_fraction":0.0,"max_age":604800}', 'Age': '244028', 'cf-cache-status': 'HIT', 'Report-To': '{"group":"cf-nel","max_age":604800,"endpoints":[{"url":"https://a.nel.cloudflare.com/report/v4?s=FJE12lvRkLqykJKtBIxsn3VZK50hydH4SKcOJ6GZGXmaxdY3q%2F8vNfNde49CkY4bf1U0UfZqaUot8R4QlBHB8vVCXEeKyLacbnKjTPvq%2F6KNfkQr%2BPFTN2bOprU8KZttLvATBcUprAA9"}]}', 'CF-RAY': 'a3e0e3acefff9502-LHR', 'alt-svc': 'h3=":443"; ma=86400'}
Response cookies: {}

-----

-----
Test: tests/test_get_characters_from_films.py::TestCharacterFilms::test_get_characters_from_films (call)
Time: 2026-09-20 15:38:49.856255
Request method: GET
Request URL: https://swapi.info/api/people/56

Response code: 200
Response text: {
	"name": "Saesee Tiin",
	"height": "188",
	"mass": "unknown",
	"hair_color": "none",
	"skin_color": "pale",
	"eye_color": "orange",
	"birth_year": "unknown",
	"gender": "male",
	"homeworld": "https://swapi.info/api/planets/47",
	"films": ["https://swapi.info/api/films/4", "https://swapi.info/api/films/6"],
	"species": ["https://swapi.info/api/species/24"],
	"vehicles": [],
	"starships": [],
	"created": "2014-12-20T10:32:11.669000Z",
	"edited": "2014-12-20T21:17:50.434000Z",
	"url": "https://swapi.info/api/people/56"
}

Response headers: {'Date': 'Sun, 20 Sep 2026 12:38:49 GMT', 'Content-Type': 'application/json', 'Content-Length': '526', 'Connection': 'keep-alive', 'Accept-Ranges': 'bytes', 'access-control-allow-headers': 'Content-Type', 'access-control-allow-methods': 'GET, OPTIONS', 'access-control-allow-origin': '*', 'Age': '7202', 'Cache-Control': 'public, max-age=0, must-revalidate, no-store', 'cache-status': '"Netlify Edge"; fwd=miss; fwd-status=200; stored', 'etag': '"afb720c5026e6f76873a66d1ff0ef9f1-ssl"', 'Server': 'cloudflare', 'strict-transport-security': 'max-age=31536000', 'x-nf-request-id': '01M2Z6B85V2GP9HM9N57VFMJ41', 'cf-cache-status': 'HIT', 'Report-To': '{"group":"cf-nel","max_age":604800,"endpoints":[{"url":"https://a.nel.cloudflare.com/report/v4?s=JWyVx1TVbQOZ0h77vSajkSQu7P%2FmOir8PzTI85hrTBzdMcmONYs7a%2FroyWUqJ7iw%2BJ%2FmYPN6Y9z1KgPwJjY%2BQ1s8Jpxz04MpQjt93jgZS6Qugjr4EpTTprFn%2F7tAAoPJB8rlvw7qLgGj"}]}', 'Nel': '{"report_to":"cf-nel","success_fraction":0.0,"max_age":604800}', 'CF-RAY': 'a3e0e3af8e980e74-AMS', 'alt-svc': 'h3=":443"; ma=86400'}
Response cookies: {}

-----

-----
Test: tests/test_get_characters_from_films.py::TestCharacterFilms::test_get_characters_from_films (call)
Time: 2026-09-20 15:38:50.270456
Request method: GET
Request URL: https://swapi.info/api/people/58

Response code: 200
Response text: {
	"name": "Plo Koon",
	"height": "188",
	"mass": "80",
	"hair_color": "none",
	"skin_color": "orange",
	"eye_color": "black",
	"birth_year": "22BBY",
	"gender": "male",
	"homeworld": "https://swapi.info/api/planets/49",
	"films": [
		"https://swapi.info/api/films/4",
		"https://swapi.info/api/films/5",
		"https://swapi.info/api/films/6"
	],
	"species": ["https://swapi.info/api/species/26"],
	"vehicles": [],
	"starships": ["https://swapi.info/api/starships/48"],
	"created": "2014-12-20T10:49:19.859000Z",
	"edited": "2014-12-20T21:17:50.439000Z",
	"url": "https://swapi.info/api/people/58"
}

Response headers: {'Date': 'Sun, 20 Sep 2026 12:38:49 GMT', 'Content-Type': 'application/json', 'Content-Length': '597', 'Connection': 'keep-alive', 'Accept-Ranges': 'bytes', 'access-control-allow-headers': 'Content-Type', 'access-control-allow-methods': 'GET, OPTIONS', 'access-control-allow-origin': '*', 'Cache-Control': 'public, max-age=0, must-revalidate, no-store', 'cache-status': '"Netlify Edge"; fwd=miss; fwd-status=200; stored', 'etag': '"a0a89e9493ffac14c1d4d327f0bf9666-ssl"', 'Server': 'cloudflare', 'strict-transport-security': 'max-age=31536000', 'x-nf-request-id': '01M2Z6B8WTVEVSMHV1BB4VMP6F', 'Nel': '{"report_to":"cf-nel","success_fraction":0.0,"max_age":604800}', 'Age': '7202', 'cf-cache-status': 'HIT', 'Report-To': '{"group":"cf-nel","max_age":604800,"endpoints":[{"url":"https://a.nel.cloudflare.com/report/v4?s=ODdfzHD3eF2OJNxbIpguflzzWK6GnVxvyxOTMJM4b0%2Fh67t9dwGicYJchxHuyVBcsI3dTRJ0c9oJFkQ7aJle37fDJeebaRsaW9rZjqPxdEHsuTyIguKdBUmqoiwi7UiObCL7UHzi8jjs"}]}', 'CF-RAY': 'a3e0e3b228d2661b-AMS', 'alt-svc': 'h3=":443"; ma=86400'}
Response cookies: {}

-----

-----
Test: tests/test_get_characters_from_films.py::TestCharacterFilms::test_get_characters_from_films (call)
Time: 2026-09-20 15:38:50.693024
Request method: GET
Request URL: https://swapi.info/api/people/63

Response code: 200
Response text: {
	"name": "Poggle the Lesser",
	"height": "183",
	"mass": "80",
	"hair_color": "none",
	"skin_color": "green",
	"eye_color": "yellow",
	"birth_year": "unknown",
	"gender": "male",
	"homeworld": "https://swapi.info/api/planets/11",
	"films": ["https://swapi.info/api/films/5", "https://swapi.info/api/films/6"],
	"species": ["https://swapi.info/api/species/28"],
	"vehicles": [],
	"starships": [],
	"created": "2014-12-20T16:40:43.977000Z",
	"edited": "2014-12-20T21:17:50.453000Z",
	"url": "https://swapi.info/api/people/63"
}

Response headers: {'Date': 'Sun, 20 Sep 2026 12:38:50 GMT', 'Content-Type': 'application/json', 'Content-Length': '528', 'Connection': 'keep-alive', 'Accept-Ranges': 'bytes', 'access-control-allow-headers': 'Content-Type', 'access-control-allow-methods': 'GET, OPTIONS', 'access-control-allow-origin': '*', 'Cache-Control': 'public, max-age=0, must-revalidate, no-store', 'cache-status': '"Netlify Edge"; fwd=miss; fwd-status=200; stored', 'etag': '"08d6de20e72bfbc1a9fe88a8902bd0c6-ssl"', 'Server': 'cloudflare', 'strict-transport-security': 'max-age=31536000', 'x-nf-request-id': '01M2Z6B9QG8X1AZEX7JRVJR141', 'Nel': '{"report_to":"cf-nel","success_fraction":0.0,"max_age":604800}', 'Age': '7202', 'cf-cache-status': 'HIT', 'Report-To': '{"group":"cf-nel","max_age":604800,"endpoints":[{"url":"https://a.nel.cloudflare.com/report/v4?s=ytcVaPD%2BKpTcI0GH%2FIQbW5V2HL8uB17FfvNHCC%2Bx7CLfCGSz6crVUlksaVP70rjpKtThQroqLMtg359Dejmv4u0FbBn7heE%2Bn6K2wtGOvJoJsNPqhoTnnnh%2BU9f%2FIY2YdVTVUJgkk2qV"}]}', 'CF-RAY': 'a3e0e3b4bdcab98c-AMS', 'alt-svc': 'h3=":443"; ma=86400'}
Response cookies: {}

-----

-----
Test: tests/test_get_characters_from_films.py::TestCharacterFilms::test_get_characters_from_films (call)
Time: 2026-09-20 15:38:51.114006
Request method: GET
Request URL: https://swapi.info/api/people/64

Response code: 200
Response text: {
	"name": "Luminara Unduli",
	"height": "170",
	"mass": "56.2",
	"hair_color": "black",
	"skin_color": "yellow",
	"eye_color": "blue",
	"birth_year": "58BBY",
	"gender": "female",
	"homeworld": "https://swapi.info/api/planets/51",
	"films": ["https://swapi.info/api/films/5", "https://swapi.info/api/films/6"],
	"species": ["https://swapi.info/api/species/29"],
	"vehicles": [],
	"starships": [],
	"created": "2014-12-20T16:45:53.668000Z",
	"edited": "2014-12-20T21:17:50.455000Z",
	"url": "https://swapi.info/api/people/64"
}

Response headers: {'Date': 'Sun, 20 Sep 2026 12:38:50 GMT', 'Content-Type': 'application/json', 'Content-Length': '528', 'Connection': 'keep-alive', 'Accept-Ranges': 'bytes', 'access-control-allow-headers': 'Content-Type', 'access-control-allow-methods': 'GET, OPTIONS', 'access-control-allow-origin': '*', 'Age': '7201', 'Cache-Control': 'public, max-age=0, must-revalidate, no-store', 'cache-status': '"Netlify Edge"; fwd=miss; fwd-status=200; stored', 'etag': '"0c862821ad74ebafb1cdfb202afd9aed-ssl"', 'Server': 'cloudflare', 'strict-transport-security': 'max-age=31536000', 'x-nf-request-id': '01M2Z6BAD2M6JVRC01Z5SK6C77', 'cf-cache-status': 'HIT', 'Report-To': '{"group":"cf-nel","max_age":604800,"endpoints":[{"url":"https://a.nel.cloudflare.com/report/v4?s=FpbMoc1RymgVrsSlI5n1o%2FSIyIMbWfLG%2F5WaGfvWR%2BCXAzA4t7DBx2TLRugqldrz7hBiZygz4hQ79SdiZDols8QpS4ZVG0oR6szhu5Zw7yZw1uQI1pzSveaa5UnExZC%2FwMebiIyiUuPY"}]}', 'Nel': '{"report_to":"cf-nel","success_fraction":0.0,"max_age":604800}', 'CF-RAY': 'a3e0e3b7687d65f6-AMS', 'alt-svc': 'h3=":443"; ma=86400'}
Response cookies: {}

-----

-----
Test: tests/test_get_characters_from_films.py::TestCharacterFilms::test_get_characters_from_films (call)
Time: 2026-09-20 15:38:51.536183
Request method: GET
Request URL: https://swapi.info/api/people/67

Response code: 200
Response text: {
	"name": "Dooku",
	"height": "193",
	"mass": "80",
	"hair_color": "white",
	"skin_color": "fair",
	"eye_color": "brown",
	"birth_year": "102BBY",
	"gender": "male",
	"homeworld": "https://swapi.info/api/planets/52",
	"films": ["https://swapi.info/api/films/5", "https://swapi.info/api/films/6"],
	"species": ["https://swapi.info/api/species/1"],
	"vehicles": ["https://swapi.info/api/vehicles/55"],
	"starships": [],
	"created": "2014-12-20T16:52:14.726000Z",
	"edited": "2014-12-20T21:17:50.462000Z",
	"url": "https://swapi.info/api/people/67"
}

Response headers: {'Date': 'Sun, 20 Sep 2026 12:38:51 GMT', 'Content-Type': 'application/json', 'Content-Length': '549', 'Connection': 'keep-alive', 'Accept-Ranges': 'bytes', 'access-control-allow-headers': 'Content-Type', 'access-control-allow-methods': 'GET, OPTIONS', 'access-control-allow-origin': '*', 'Cache-Control': 'public, max-age=0, must-revalidate, no-store', 'cache-status': '"Netlify Edge"; fwd=miss; fwd-status=200; stored', 'etag': '"5cacfcd032f5f152a0f61a73c5fce6ee-ssl"', 'Server': 'cloudflare', 'strict-transport-security': 'max-age=31536000', 'x-nf-request-id': '01M2R4FWK9GHF725ZP9BYZBYR3', 'Nel': '{"report_to":"cf-nel","success_fraction":0.0,"max_age":604800}', 'Age': '244030', 'cf-cache-status': 'HIT', 'Report-To': '{"group":"cf-nel","max_age":604800,"endpoints":[{"url":"https://a.nel.cloudflare.com/report/v4?s=MsfOm1CX%2FxSDv2L3vt%2FkVBrqzjbiUt3nFF%2F3HYnxtABdtCys5vkcBPXvTtxx%2FegvgGZNdpc7RfQHrEglp9PodKf72XizP82ki2m%2Fv%2Fxuo6yGW6ntmtdOltc7JkP%2BKh90TmMIdZNqRLli"}]}', 'CF-RAY': 'a3e0e3ba18e32f36-AMS', 'alt-svc': 'h3=":443"; ma=86400'}
Response cookies: {}

-----

-----
Test: tests/test_get_characters_from_films.py::TestCharacterFilms::test_get_characters_from_films (call)
Time: 2026-09-20 15:38:51.955185
Request method: GET
Request URL: https://swapi.info/api/people/68

Response code: 200
Response text: {
	"name": "Bail Prestor Organa",
	"height": "191",
	"mass": "unknown",
	"hair_color": "black",
	"skin_color": "tan",
	"eye_color": "brown",
	"birth_year": "67BBY",
	"gender": "male",
	"homeworld": "https://swapi.info/api/planets/2",
	"films": ["https://swapi.info/api/films/5", "https://swapi.info/api/films/6"],
	"species": ["https://swapi.info/api/species/1"],
	"vehicles": [],
	"starships": [],
	"created": "2014-12-20T16:53:08.575000Z",
	"edited": "2014-12-20T21:17:50.463000Z",
	"url": "https://swapi.info/api/people/68"
}

Response headers: {'Date': 'Sun, 20 Sep 2026 12:38:51 GMT', 'Content-Type': 'application/json', 'Content-Length': '529', 'Connection': 'keep-alive', 'Accept-Ranges': 'bytes', 'access-control-allow-headers': 'Content-Type', 'access-control-allow-methods': 'GET, OPTIONS', 'access-control-allow-origin': '*', 'Cache-Control': 'public, max-age=0, must-revalidate, no-store', 'cache-status': '"Netlify Edge"; fwd=miss; fwd-status=200; stored', 'etag': '"ece9a5b8e55aca2d526764c886dde053-ssl"', 'Server': 'cloudflare', 'strict-transport-security': 'max-age=31536000', 'x-nf-request-id': '01M2R4FWHFG8WN8FA6X5APATJX', 'Nel': '{"report_to":"cf-nel","success_fraction":0.0,"max_age":604800}', 'Age': '244031', 'cf-cache-status': 'HIT', 'Report-To': '{"group":"cf-nel","max_age":604800,"endpoints":[{"url":"https://a.nel.cloudflare.com/report/v4?s=JwKaR4BxsaMac%2BIUHZAepGtoeQBALvSAbwjv%2BdaHOoz51d1S8L8S2Lgojf7iOJxdJai8y1JOM42ePjZC3P9Fk24Hz1ug8Qrl%2FqZOcH46qVL0hEHS8a9pjDqSjEmlIn9tmfIEtmiMBz5N"}]}', 'CF-RAY': 'a3e0e3bc9cdefff6-AMS', 'alt-svc': 'h3=":443"; ma=86400'}
Response cookies: {}

-----

-----
Test: tests/test_get_characters_from_films.py::TestCharacterFilms::test_get_characters_from_films (call)
Time: 2026-09-20 15:38:52.353283
Request method: GET
Request URL: https://swapi.info/api/people/75

Response code: 200
Response text: {
	"name": "R4-P17",
	"height": "96",
	"mass": "unknown",
	"hair_color": "none",
	"skin_color": "silver, red",
	"eye_color": "red, blue",
	"birth_year": "unknown",
	"gender": "female",
	"homeworld": "https://swapi.info/api/planets/28",
	"films": ["https://swapi.info/api/films/5", "https://swapi.info/api/films/6"],
	"species": [],
	"vehicles": [],
	"starships": [],
	"created": "2014-12-20T17:43:36.409000Z",
	"edited": "2014-12-20T21:17:50.478000Z",
	"url": "https://swapi.info/api/people/75"
}

Response headers: {'Date': 'Sun, 20 Sep 2026 12:38:52 GMT', 'Content-Type': 'application/json', 'Content-Length': '497', 'Connection': 'keep-alive', 'Accept-Ranges': 'bytes', 'access-control-allow-headers': 'Content-Type', 'access-control-allow-methods': 'GET, OPTIONS', 'access-control-allow-origin': '*', 'Cache-Control': 'public, max-age=0, must-revalidate, no-store', 'cache-status': '"Netlify Edge"; fwd=miss; fwd-status=200; stored', 'etag': '"2f750f3871f8bf40d1e0a99124ba7adb-ssl"', 'Server': 'cloudflare', 'strict-transport-security': 'max-age=31536000', 'x-nf-request-id': '01M2R4FWSXKXDR6G52Z73KFVMS', 'Nel': '{"report_to":"cf-nel","success_fraction":0.0,"max_age":604800}', 'Age': '244031', 'cf-cache-status': 'HIT', 'Report-To': '{"group":"cf-nel","max_age":604800,"endpoints":[{"url":"https://a.nel.cloudflare.com/report/v4?s=37FOF0naXgCvhK%2FZo1ZFBp5Oiv69OO2G20GweeKO%2Bh4a%2Bn6mWAGNiEpHCSVpGGVKhVZ2zLZ3SJtWAjC4WfNYy2JV70UhZmrOzlnh4iLnIHCIcZUpYZ0RnLjxksJz4GR%2FuwrBxo14e2J8"}]}', 'CF-RAY': 'a3e0e3bf384e5329-AMS', 'alt-svc': 'h3=":443"; ma=86400'}
Response cookies: {}

-----

-----
Test: tests/test_get_characters_from_films.py::TestCharacterFilms::test_get_characters_from_films (call)
Time: 2026-09-20 15:38:52.781362
Request method: GET
Request URL: https://swapi.info/api/people/78

Response code: 200
Response text: {
	"name": "Shaak Ti",
	"height": "178",
	"mass": "57",
	"hair_color": "none",
	"skin_color": "red, blue, white",
	"eye_color": "black",
	"birth_year": "unknown",
	"gender": "female",
	"homeworld": "https://swapi.info/api/planets/58",
	"films": ["https://swapi.info/api/films/5", "https://swapi.info/api/films/6"],
	"species": ["https://swapi.info/api/species/35"],
	"vehicles": [],
	"starships": [],
	"created": "2014-12-20T18:44:01.103000Z",
	"edited": "2014-12-20T21:17:50.486000Z",
	"url": "https://swapi.info/api/people/78"
}

Response headers: {'Date': 'Sun, 20 Sep 2026 12:38:52 GMT', 'Content-Type': 'application/json', 'Content-Length': '531', 'Connection': 'keep-alive', 'Accept-Ranges': 'bytes', 'access-control-allow-headers': 'Content-Type', 'access-control-allow-methods': 'GET, OPTIONS', 'access-control-allow-origin': '*', 'Cache-Control': 'public, max-age=0, must-revalidate, no-store', 'cache-status': '"Netlify Edge"; fwd=miss; fwd-status=200; stored', 'etag': '"09f729ff062d50f2296856c2e76d6ec4-ssl"', 'Server': 'cloudflare', 'strict-transport-security': 'max-age=31536000', 'x-nf-request-id': '01M2R4FWYXC4XHX7CZTGV3CK6K', 'Nel': '{"report_to":"cf-nel","success_fraction":0.0,"max_age":604800}', 'Age': '244031', 'cf-cache-status': 'HIT', 'Report-To': '{"group":"cf-nel","max_age":604800,"endpoints":[{"url":"https://a.nel.cloudflare.com/report/v4?s=cc1IvptHqML%2BPkGOiKDlM%2FkAlfJAStOpcN77g%2FuzHlK8M3ID9AzCWs2xddTg%2FppwuSKi6533uIYdkryeRQnlOdbeTWiK1eEB%2Br0G11gV6%2BaUiBvAkotoO75oIoJl%2BuTPqfJa47F4bQjJ"}]}', 'CF-RAY': 'a3e0e3c1db4efea7-AMS', 'alt-svc': 'h3=":443"; ma=86400'}
Response cookies: {}

-----

-----
Test: tests/test_get_characters_from_films.py::TestCharacterFilms::test_get_characters_from_films (call)
Time: 2026-09-20 15:38:53.192189
Request method: GET
Request URL: https://swapi.info/api/people/79

Response code: 200
Response text: {
	"name": "Grievous",
	"height": "216",
	"mass": "159",
	"hair_color": "none",
	"skin_color": "brown, white",
	"eye_color": "green, yellow",
	"birth_year": "unknown",
	"gender": "male",
	"homeworld": "https://swapi.info/api/planets/59",
	"films": ["https://swapi.info/api/films/6"],
	"species": ["https://swapi.info/api/species/36"],
	"vehicles": ["https://swapi.info/api/vehicles/60"],
	"starships": ["https://swapi.info/api/starships/74"],
	"created": "2014-12-20T19:43:53.348000Z",
	"edited": "2014-12-20T21:17:50.488000Z",
	"url": "https://swapi.info/api/people/79"
}

Response headers: {'Date': 'Sun, 20 Sep 2026 12:38:52 GMT', 'Content-Type': 'application/json', 'Content-Length': '573', 'Connection': 'keep-alive', 'Accept-Ranges': 'bytes', 'access-control-allow-headers': 'Content-Type', 'access-control-allow-methods': 'GET, OPTIONS', 'access-control-allow-origin': '*', 'Cache-Control': 'public, max-age=0, must-revalidate, no-store', 'cache-status': '"Netlify Edge"; fwd=miss; fwd-status=200; stored', 'etag': '"6a1405121d717d77c5e35cc7a31a9e73-ssl"', 'Server': 'cloudflare', 'strict-transport-security': 'max-age=31536000', 'x-nf-request-id': '01M2R4FX0AA1JA1TT1F42XWZMV', 'Nel': '{"report_to":"cf-nel","success_fraction":0.0,"max_age":604800}', 'Age': '244031', 'cf-cache-status': 'HIT', 'Report-To': '{"group":"cf-nel","max_age":604800,"endpoints":[{"url":"https://a.nel.cloudflare.com/report/v4?s=apz%2FV6kfUfpeH9BNXE%2Ftmh65Me1wL0kuG%2FZ9%2FWleII7GRDqzWcTWD%2FfpHtmHGztBod5%2BcUnP2io1qbKs44NF439mS3oTVm3pr4QVsofZXWXYyCn3VX%2BWu3HDpP0z5drkNKLGPX2qzM4Q"}]}', 'CF-RAY': 'a3e0e3c46ce99fc9-AMS', 'alt-svc': 'h3=":443"; ma=86400'}
Response cookies: {}

-----

-----
Test: tests/test_get_characters_from_films.py::TestCharacterFilms::test_get_characters_from_films (call)
Time: 2026-09-20 15:38:53.619873
Request method: GET
Request URL: https://swapi.info/api/people/80

Response code: 200
Response text: {
	"name": "Tarfful",
	"height": "234",
	"mass": "136",
	"hair_color": "brown",
	"skin_color": "brown",
	"eye_color": "blue",
	"birth_year": "unknown",
	"gender": "male",
	"homeworld": "https://swapi.info/api/planets/14",
	"films": ["https://swapi.info/api/films/6"],
	"species": ["https://swapi.info/api/species/3"],
	"vehicles": [],
	"starships": [],
	"created": "2014-12-20T19:46:34.209000Z",
	"edited": "2014-12-20T21:17:50.491000Z",
	"url": "https://swapi.info/api/people/80"
}

Response headers: {'Date': 'Sun, 20 Sep 2026 12:38:53 GMT', 'Content-Type': 'application/json', 'Content-Length': '483', 'Connection': 'keep-alive', 'Accept-Ranges': 'bytes', 'access-control-allow-headers': 'Content-Type', 'access-control-allow-methods': 'GET, OPTIONS', 'access-control-allow-origin': '*', 'Age': '7201', 'Cache-Control': 'public, max-age=0, must-revalidate, no-store', 'cache-status': '"Netlify Edge"; fwd=miss; fwd-status=200; stored', 'etag': '"b492943d2821d60992bfd8f91ab7a4c4-ssl"', 'Server': 'cloudflare', 'strict-transport-security': 'max-age=31536000', 'x-nf-request-id': '01M2Z6BDD7SB0SVMK8T8YPJ3FF', 'cf-cache-status': 'HIT', 'Report-To': '{"group":"cf-nel","max_age":604800,"endpoints":[{"url":"https://a.nel.cloudflare.com/report/v4?s=B4hENSaSC9zZhahL5X9tjzLVTid3jiyMIZEkJBF%2B5eIO6kSIyJmltBKJbUO6%2B%2FWS2mXHfnYc5ATisoFvQbmbqKsL4ScTFb3hGp5f3HMvRRXRhoo0DdBTaGNh4Dkd0BXahAFGBeGoQZcU"}]}', 'Nel': '{"report_to":"cf-nel","success_fraction":0.0,"max_age":604800}', 'CF-RAY': 'a3e0e3c71ebf1ca5-AMS', 'alt-svc': 'h3=":443"; ma=86400'}
Response cookies: {}

-----

-----
Test: tests/test_get_characters_from_films.py::TestCharacterFilms::test_get_characters_from_films (call)
Time: 2026-09-20 15:38:54.052443
Request method: GET
Request URL: https://swapi.info/api/people/81

Response code: 200
Response text: {
	"name": "Raymus Antilles",
	"height": "188",
	"mass": "79",
	"hair_color": "brown",
	"skin_color": "light",
	"eye_color": "brown",
	"birth_year": "unknown",
	"gender": "male",
	"homeworld": "https://swapi.info/api/planets/2",
	"films": ["https://swapi.info/api/films/1", "https://swapi.info/api/films/6"],
	"species": [],
	"vehicles": [],
	"starships": [],
	"created": "2014-12-20T19:49:35.583000Z",
	"edited": "2014-12-20T21:17:50.493000Z",
	"url": "https://swapi.info/api/people/81"
}

Response headers: {'Date': 'Sun, 20 Sep 2026 12:38:53 GMT', 'Content-Type': 'application/json', 'Content-Length': '490', 'Connection': 'keep-alive', 'Accept-Ranges': 'bytes', 'access-control-allow-headers': 'Content-Type', 'access-control-allow-methods': 'GET, OPTIONS', 'access-control-allow-origin': '*', 'Cache-Control': 'public, max-age=0, must-revalidate, no-store', 'cache-status': '"Netlify Edge"; fwd=miss; fwd-status=200; stored', 'etag': '"66304f24d81b8a69a1c2c37b40c02389-ssl"', 'Server': 'cloudflare', 'strict-transport-security': 'max-age=31536000', 'x-nf-request-id': '01M2Z6AA8QVVWPWHEHMTXE18CK', 'Nel': '{"report_to":"cf-nel","success_fraction":0.0,"max_age":604800}', 'Age': '7237', 'cf-cache-status': 'HIT', 'Report-To': '{"group":"cf-nel","max_age":604800,"endpoints":[{"url":"https://a.nel.cloudflare.com/report/v4?s=2pZJPZLdDno9pbqmsaHGLCNYMGNrSO67Yyqzj889F3Q1y7z7B1w6BO5l6%2BCupGbCAOX4hLwKx20%2B7Hv%2B2Rz0MdUvtk3Q8eFUtKcprP%2BuW8yW%2BUpEsWiZhYIcJi1mtT0vACTge0%2FcOThx"}]}', 'CF-RAY': 'a3e0e3c9cc14d5a7-AMS', 'alt-svc': 'h3=":443"; ma=86400'}
Response cookies: {}

-----

-----
Test: tests/test_get_characters_from_films.py::TestCharacterFilms::test_get_characters_from_films (call)
Time: 2026-09-20 15:38:54.472660
Request method: GET
Request URL: https://swapi.info/api/people/82

Response code: 200
Response text: {
	"name": "Sly Moore",
	"height": "178",
	"mass": "48",
	"hair_color": "none",
	"skin_color": "pale",
	"eye_color": "white",
	"birth_year": "unknown",
	"gender": "female",
	"homeworld": "https://swapi.info/api/planets/60",
	"films": ["https://swapi.info/api/films/5", "https://swapi.info/api/films/6"],
	"species": [],
	"vehicles": [],
	"starships": [],
	"created": "2014-12-20T20:18:37.619000Z",
	"edited": "2014-12-20T21:17:50.496000Z",
	"url": "https://swapi.info/api/people/82"
}

Response headers: {'Date': 'Sun, 20 Sep 2026 12:38:54 GMT', 'Content-Type': 'application/json', 'Content-Length': '485', 'Connection': 'keep-alive', 'Accept-Ranges': 'bytes', 'access-control-allow-headers': 'Content-Type', 'access-control-allow-methods': 'GET, OPTIONS', 'access-control-allow-origin': '*', 'Cache-Control': 'public, max-age=0, must-revalidate, no-store', 'cache-status': '"Netlify Edge"; fwd=miss; fwd-status=200; stored', 'etag': '"055f42544a4eff6434245854e4ab9528-ssl"', 'Server': 'cloudflare', 'strict-transport-security': 'max-age=31536000', 'x-nf-request-id': '01M2R4FXFR11ZSZA3TG2H3XGZV', 'Nel': '{"report_to":"cf-nel","success_fraction":0.0,"max_age":604800}', 'Age': '244032', 'cf-cache-status': 'HIT', 'Report-To': '{"group":"cf-nel","max_age":604800,"endpoints":[{"url":"https://a.nel.cloudflare.com/report/v4?s=jscuGY1D4cMjGbz88CMeWrYiOS5CGDdkw4bJ67kt1v%2F85IbOaqHKqMrKhFzCWAVaxMQzQ1G%2BU71XOikCjqATX%2B7PhrgSm6LK05a%2F%2FpBjkV9FOPbZPDRqY5svOi3nh2BjJRLWU4a%2F4Om2"}]}', 'CF-RAY': 'a3e0e3cc7ec62fea-AMS', 'alt-svc': 'h3=":443"; ma=86400'}
Response cookies: {}

-----

-----
Test: tests/test_get_characters_from_films.py::TestCharacterFilms::test_get_characters_from_films (call)
Time: 2026-09-20 15:38:54.909110
Request method: GET
Request URL: https://swapi.info/api/people/83

Response code: 200
Response text: {
	"name": "Tion Medon",
	"height": "206",
	"mass": "80",
	"hair_color": "none",
	"skin_color": "grey",
	"eye_color": "black",
	"birth_year": "unknown",
	"gender": "male",
	"homeworld": "https://swapi.info/api/planets/12",
	"films": ["https://swapi.info/api/films/6"],
	"species": ["https://swapi.info/api/species/37"],
	"vehicles": [],
	"starships": [],
	"created": "2014-12-20T20:35:04.260000Z",
	"edited": "2014-12-20T21:17:50.498000Z",
	"url": "https://swapi.info/api/people/83"
}

Response headers: {'Date': 'Sun, 20 Sep 2026 12:38:54 GMT', 'Content-Type': 'application/json', 'Content-Length': '485', 'Connection': 'keep-alive', 'Accept-Ranges': 'bytes', 'access-control-allow-headers': 'Content-Type', 'access-control-allow-methods': 'GET, OPTIONS', 'access-control-allow-origin': '*', 'Cache-Control': 'public, max-age=0, must-revalidate, no-store', 'cache-status': '"Netlify Edge"; fwd=miss; fwd-status=200; stored', 'etag': '"3534c18d936d49b5de9fee8c82369c24-ssl"', 'Server': 'cloudflare', 'strict-transport-security': 'max-age=31536000', 'x-nf-request-id': '01M2R4FXHC1RN0HKP991K8ACSF', 'Nel': '{"report_to":"cf-nel","success_fraction":0.0,"max_age":604800}', 'Age': '244033', 'cf-cache-status': 'HIT', 'Report-To': '{"group":"cf-nel","max_age":604800,"endpoints":[{"url":"https://a.nel.cloudflare.com/report/v4?s=qyZTkXctNOtrsBPP%2BNg64jTBe7JP0yUnAr4%2B6h0V%2Bhmi8Mz%2FhUeXEULZx8rLa%2BCfEwBaPJA1NLEJYwgNWjoHjcsehAjNC2ijyZOFoEHp2zhToLCI%2BhECBD8CwkQGRZF1sy36FB27Kdet"}]}', 'CF-RAY': 'a3e0e3cf28342f36-AMS', 'alt-svc': 'h3=":443"; ma=86400'}
Response cookies: {}

-----
